,artist,track,time,genre,date.entered,date.peaked,1,2,3,4,5,6,7,8,9,10,11,12,13,14,15,16,17,18,19,20,21,22,23,24,25,26,27,28,29,30,31,32,33,34,35,36,37,38,39,40,41,42,43,44,45,46,47,48,49,50,51,52,53,54,55,56,57,58,59,60,61,62,63,64,65,66,67,68,69,70,71,72,73,74,75,76,Peak_Time
0,Destiny's Child,Independent Women Part I,3:38,Rock,2000-09-23,2000-11-18,78,63.0,49.0,33.0,23.0,15.0,7.0,5.0,1.0,1.0,1.0,1.0,1.0,1.0,1.0,1.0,1.0,1.0,1.0,2.0,3.0,7.0,10.0,12.0,15.0,22.0,29.0,31.0,,,,,,,,,,,,,,,,,,,,,,,,,,,,,,,,,,,,,,,,,,,,,,,,,56 days 00:00:00.000000000
1,Santana,"Maria, Maria",4:18,Rock,2000-02-12,2000-04-08,15,8.0,6.0,5.0,2.0,3.0,2.0,2.0,1.0,1.0,1.0,1.0,1.0,1.0,1.0,1.0,1.0,1.0,8.0,15.0,19.0,21.0,26.0,36.0,48.0,47.0,,,,,,,,,,,,,,,,,,,,,,,,,,,,,,,,,,,,,,,,,,,,,,,,,,,56 days 00:00:00.000000000
2,Savage Garden,I Knew I Loved You,4:07,Rock,1999-10-23,2000-01-29,71,48.0,43.0,31.0,20.0,13.0,7.0,6.0,4.0,4.0,4.0,6.0,4.0,2.0,1.0,1.0,1.0,2.0,1.0,2.0,4.0,8.0,8.0,12.0,14.0,17.0,21.0,24.0,30.0,34.0,37.0,46.0,47.0,,,,,,,,,,,,,,,,,,,,,,,,,,,,,,,,,,,,,,,,,,,,98 days 00:00:00.000000000
3,Madonna,Music,3:45,Rock,2000-08-12,2000-09-16,41,23.0,18.0,14.0,2.0,1.0,1.0,1.0,1.0,2.0,2.0,2.0,2.0,2.0,4.0,8.0,11.0,16.0,20.0,25.0,27.0,27.0,29.0,44.0,,,,,,,,,,,,,,,,,,,,,,,,,,,,,,,,,,,,,,,,,,,,,,,,,,,,,35 days 00:00:00.000000000
4,"Aguilera, Christina",Come On Over Baby (All I Want Is You),3:38,Rock,2000-08-05,2000-10-14,57,47.0,45.0,29.0,23.0,18.0,11.0,9.0,9.0,11.0,1.0,1.0,1.0,1.0,4.0,8.0,12.0,22.0,23.0,43.0,44.0,,,,,,,,,,,,,,,,,,,,,,,,,,,,,,,,,,,,,,,,,,,,,,,,,,,,,,,,70 days 00:00:00.000000000
5,Janet,Doesn't Really Matter,4:17,Rock,2000-06-17,2000-08-26,59,52.0,43.0,30.0,29.0,22.0,15.0,10.0,10.0,5.0,1.0,1.0,1.0,2.0,2.0,3.0,3.0,7.0,8.0,20.0,25.0,37.0,40.0,41.0,,,,,,,,,,,,,,,,,,,,,,,,,,,,,,,,,,,,,,,,,,,,,,,,,,,,,70 days 00:00:00.000000000
6,Destiny's Child,Say My Name,4:31,Rock,1999-12-25,2000-03-18,83,83.0,44.0,38.0,16.0,13.0,16.0,16.0,16.0,18.0,17.0,14.0,1.0,1.0,1.0,2.0,2.0,3.0,5.0,5.0,5.0,7.0,10.0,13.0,14.0,18.0,23.0,23.0,34.0,37.0,43.0,47.0,,,,,,,,,,,,,,,,,,,,,,,,,,,,,,,,,,,,,,,,,,,,,84 days 00:00:00.000000000
7,"Iglesias, Enrique",Be With You,3:36,Latin,2000-04-01,2000-06-24,63,45.0,34.0,23.0,17.0,12.0,9.0,8.0,8.0,6.0,5.0,4.0,1.0,1.0,1.0,3.0,11.0,14.0,24.0,28.0,,,,,,,,,,,,,,,,,,,,,,,,,,,,,,,,,,,,,,,,,,,,,,,,,,,,,,,,,84 days 00:00:00.000000000
8,Sisqo,Incomplete,3:52,Rock,2000-06-24,2000-08-12,77,66.0,61.0,61.0,61.0,55.0,2.0,1.0,1.0,2.0,2.0,4.0,5.0,5.0,7.0,8.0,10.0,10.0,9.0,14.0,17.0,20.0,25.0,31.0,32.0,46.0,,,,,,,,,,,,,,,,,,,,,,,,,,,,,,,,,,,,,,,,,,,,,,,,,,,49 days 00:00:00.000000000
9,Lonestar,Amazed,4:25,Country,1999-06-05,2000-03-04,81,54.0,44.0,39.0,38.0,33.0,29.0,29.0,32.0,27.0,26.0,24.0,27.0,32.0,33.0,35.0,35.0,40.0,43.0,50.0,,,,,,,,,,45.0,45.0,45.0,23.0,17.0,14.0,17.0,18.0,18.0,3.0,1.0,1.0,2.0,3.0,4.0,4.0,5.0,6.0,8.0,9.0,10.0,12.0,15.0,20.0,22.0,22.0,25.0,26.0,31.0,32.0,37.0,42.0,42.0,45.0,50.0,,,,,,,,,,,,,273 days 00:00:00.000000000
10,N'Sync,It's Gonna Be Me,3:10,Rock,2000-05-06,2000-07-29,82,70.0,51.0,39.0,26.0,19.0,15.0,9.0,7.0,7.0,5.0,4.0,1.0,1.0,3.0,4.0,6.0,10.0,13.0,15.0,18.0,23.0,28.0,38.0,48.0,,,,,,,,,,,,,,,,,,,,,,,,,,,,,,,,,,,,,,,,,,,,,,,,,,,,84 days 00:00:00.000000000
11,"Aguilera, Christina",What A Girl Wants,3:18,Rock,1999-11-27,2000-01-15,71,51.0,28.0,18.0,13.0,13.0,11.0,1.0,1.0,2.0,2.0,3.0,3.0,4.0,12.0,11.0,13.0,15.0,18.0,20.0,30.0,40.0,39.0,44.0,,,,,,,,,,,,,,,,,,,,,,,,,,,,,,,,,,,,,,,,,,,,,,,,,,,,,49 days 00:00:00.000000000
12,Vertical Horizon,Everything You Want,4:01,Rock,2000-01-22,2000-07-15,70,61.0,53.0,46.0,40.0,33.0,31.0,26.0,22.0,19.0,17.0,15.0,13.0,9.0,9.0,8.0,8.0,6.0,7.0,7.0,8.0,3.0,3.0,6.0,6.0,1.0,2.0,3.0,4.0,7.0,9.0,10.0,18.0,20.0,27.0,29.0,36.0,40.0,50.0,47.0,50.0,,,,,,,,,,,,,,,,,,,,,,,,,,,,,,,,,,,,175 days 00:00:00.000000000
13,Creed,With Arms Wide Open,3:52,Rock,2000-05-13,2000-11-11,84,78.0,76.0,74.0,70.0,68.0,74.0,75.0,69.0,74.0,70.0,79.0,84.0,86.0,76.0,62.0,45.0,29.0,19.0,11.0,10.0,7.0,5.0,3.0,3.0,3.0,1.0,2.0,2.0,3.0,3.0,3.0,4.0,5.0,5.0,5.0,5.0,9.0,12.0,13.0,13.0,17.0,22.0,26.0,28.0,37.0,41.0,,,,,,,,,,,,,,,,,,,,,,,,,,,,,,182 days 00:00:00.000000000
14,Aaliyah,Try Again,4:03,Rock,2000-03-18,2000-06-17,59,53.0,38.0,28.0,21.0,18.0,16.0,14.0,12.0,10.0,9.0,8.0,6.0,1.0,2.0,2.0,2.0,2.0,3.0,4.0,5.0,5.0,6.0,9.0,13.0,14.0,16.0,23.0,22.0,33.0,36.0,43.0,,,,,,,,,,,,,,,,,,,,,,,,,,,,,,,,,,,,,,,,,,,,,91 days 00:00:00.000000000
15,matchbox twenty,Bent,4:12,Rock,2000-04-29,2000-07-22,60,37.0,29.0,24.0,22.0,21.0,18.0,16.0,13.0,12.0,8.0,6.0,1.0,2.0,3.0,2.0,2.0,3.0,4.0,5.0,4.0,4.0,6.0,9.0,12.0,13.0,19.0,20.0,20.0,24.0,29.0,28.0,27.0,30.0,33.0,37.0,38.0,38.0,48.0,,,,,,,,,,,,,,,,,,,,,,,,,,,,,,,,,,,,,,84 days 00:00:00.000000000
16,"Carey, Mariah",Thank God I Found You,4:14,Rock,1999-12-11,2000-02-19,82,68.0,50.0,50.0,41.0,37.0,26.0,22.0,22.0,2.0,1.0,2.0,4.0,13.0,21.0,28.0,43.0,57.0,82.0,89.0,,,,,,,,,,,,,,,,,,,,,,,,,,,,,,,,,,,,,,,,,,,,,,,,,,,,,,,,,70 days 00:00:00.000000000
17,"Hill, Faith",Breathe,4:04,Rap,1999-11-06,2000-04-22,81,68.0,62.0,51.0,42.0,35.0,28.0,28.0,28.0,43.0,30.0,23.0,23.0,21.0,21.0,21.0,5.0,3.0,3.0,4.0,4.0,3.0,3.0,3.0,2.0,2.0,3.0,3.0,2.0,2.0,3.0,4.0,2.0,5.0,8.0,11.0,13.0,14.0,18.0,22.0,23.0,22.0,24.0,30.0,31.0,31.0,38.0,39.0,42.0,49.0,49.0,48.0,47.0,,,,,,,,,,,,,,,,,,,,,,,,168 days 00:00:00.000000000
18,Mya,Case Of The Ex (Whatcha Gonna Do),3:50,Rock,2000-08-19,2000-12-02,72,57.0,52.0,47.0,42.0,31.0,24.0,18.0,17.0,17.0,17.0,10.0,9.0,9.0,7.0,2.0,2.0,2.0,3.0,4.0,4.0,4.0,4.0,8.0,11.0,15.0,19.0,24.0,23.0,35.0,,,,,,,,,,,,,,,,,,,,,,,,,,,,,,,,,,,,,,,,,,,,,,,105 days 00:00:00.000000000
19,Dream,He Loves U Not,3:43,Rock,2000-09-30,2000-12-30,99,92.0,81.0,59.0,47.0,42.0,32.0,27.0,18.0,18.0,11.0,8.0,5.0,2.0,2.0,3.0,3.0,3.0,7.0,9.0,10.0,11.0,10.0,19.0,23.0,28.0,38.0,46.0,,,,,,,,,,,,,,,,,,,,,,,,,,,,,,,,,,,,,,,,,,,,,,,,,91 days 00:00:00.000000000
20,"Braxton, Toni",He Wasn't Man Enough,4:21,Rock,2000-03-18,2000-05-06,63,55.0,48.0,39.0,35.0,24.0,3.0,2.0,2.0,4.0,4.0,5.0,11.0,12.0,16.0,15.0,14.0,14.0,12.0,10.0,11.0,13.0,13.0,13.0,15.0,16.0,14.0,13.0,17.0,19.0,23.0,29.0,37.0,33.0,34.0,41.0,48.0,,,,,,,,,,,,,,,,,,,,,,,,,,,,,,,,,,,,,,,,49 days 00:00:00.000000000
21,"Anthony, Marc",You Sang To Me,3:50,Latin,2000-02-26,2000-06-03,77,54.0,50.0,43.0,30.0,27.0,21.0,18.0,15.0,13.0,13.0,13.0,13.0,5.0,2.0,2.0,5.0,7.0,9.0,12.0,12.0,16.0,20.0,20.0,22.0,25.0,26.0,29.0,35.0,33.0,40.0,44.0,,,,,,,,,,,,,,,,,,,,,,,,,,,,,,,,,,,,,,,,,,,,,98 days 00:00:00.000000000
22,98¡,Give Me Just One Night (Una Noche),3:24,Rock,2000-08-19,2000-09-30,51,39.0,34.0,26.0,26.0,19.0,2.0,2.0,3.0,6.0,7.0,22.0,29.0,36.0,47.0,67.0,66.0,84.0,93.0,94.0,,,,,,,,,,,,,,,,,,,,,,,,,,,,,,,,,,,,,,,,,,,,,,,,,,,,,,,,,42 days 00:00:00.000000000
23,Destiny's Child,Jumpin' Jumpin',3:48,Rock,2000-05-13,2000-08-19,74,71.0,65.0,62.0,57.0,50.0,40.0,37.0,22.0,18.0,13.0,8.0,6.0,4.0,3.0,4.0,3.0,3.0,3.0,3.0,4.0,4.0,6.0,7.0,6.0,8.0,10.0,15.0,24.0,30.0,35.0,39.0,,,,,,,,,,,,,,,,,,,,,,,,,,,,,,,,,,,,,,,,,,,,,98 days 00:00:00.000000000
24,3 Doors Down,Kryptonite,3:53,Rock,2000-04-08,2000-11-11,81,70.0,68.0,67.0,66.0,57.0,54.0,53.0,51.0,51.0,51.0,51.0,47.0,44.0,38.0,28.0,22.0,18.0,18.0,14.0,12.0,7.0,6.0,6.0,6.0,5.0,5.0,4.0,4.0,4.0,4.0,3.0,3.0,3.0,4.0,5.0,5.0,9.0,9.0,15.0,14.0,13.0,14.0,16.0,17.0,21.0,22.0,24.0,28.0,33.0,42.0,42.0,49.0,,,,,,,,,,,,,,,,,,,,,,,,217 days 00:00:00.000000000
25,Sisqo,Thong Song,4:05,Rock,2000-01-29,2000-05-20,74,63.0,35.0,26.0,26.0,23.0,20.0,16.0,13.0,10.0,6.0,6.0,5.0,4.0,4.0,4.0,3.0,3.0,4.0,3.0,7.0,8.0,13.0,17.0,24.0,31.0,43.0,46.0,,,,,,,,,,,,,,,,,,,,,,,,,,,,,,,,,,,,,,,,,,,,,,,,,112 days 00:00:00.000000000
26,"Aguilera, Christina",I Turn To You,4:00,Rock,2000-04-15,2000-07-01,50,39.0,30.0,28.0,21.0,19.0,20.0,17.0,17.0,17.0,17.0,3.0,3.0,7.0,10.0,17.0,25.0,29.0,29.0,40.0,43.0,50.0,,,,,,,,,,,,,,,,,,,,,,,,,,,,,,,,,,,,,,,,,,,,,,,,,,,,,,,77 days 00:00:00.000000000
27,"Houston, Whitney",My Love Is Your Love,4:16,Rock,1999-09-04,2000-01-08,81,68.0,44.0,16.0,11.0,9.0,8.0,7.0,8.0,7.0,8.0,8.0,6.0,6.0,5.0,5.0,5.0,5.0,4.0,6.0,10.0,10.0,11.0,20.0,22.0,27.0,34.0,49.0,,,,,,,,,,,,,,,,,,,,,,,,,,,,,,,,,,,,,,,,,,,,,,,,,126 days 00:00:00.000000000
28,Joe,I Wanna Know,4:57,Rock,2000-01-01,2000-07-01,94,86.0,69.0,50.0,41.0,33.0,32.0,28.0,28.0,27.0,27.0,25.0,23.0,20.0,17.0,15.0,14.0,11.0,11.0,14.0,11.0,11.0,10.0,12.0,10.0,6.0,4.0,5.0,4.0,5.0,5.0,7.0,6.0,8.0,5.0,6.0,9.0,9.0,8.0,14.0,16.0,20.0,32.0,45.0,,,,,,,,,,,,,,,,,,,,,,,,,,,,,,,,,182 days 00:00:00.000000000
29,"Jordan, Montell",Get It On.. Tonite,4:34,Rap,1999-10-23,2000-02-12,92,80.0,72.0,69.0,67.0,61.0,54.0,43.0,38.0,24.0,24.0,20.0,19.0,15.0,15.0,5.0,4.0,4.0,7.0,10.0,5.0,9.0,9.0,7.0,9.0,10.0,10.0,15.0,18.0,23.0,30.0,42.0,,,,,,,,,,,,,,,,,,,,,,,,,,,,,,,,,,,,,,,,,,,,,112 days 00:00:00.000000000
30,N'Sync,Bye Bye Bye,3:15,Rock,2000-01-29,2000-04-15,42,20.0,19.0,14.0,13.0,7.0,6.0,5.0,5.0,5.0,5.0,4.0,4.0,6.0,6.0,7.0,9.0,12.0,18.0,20.0,27.0,34.0,40.0,,,,,,,,,,,,,,,,,,,,,,,,,,,,,,,,,,,,,,,,,,,,,,,,,,,,,,77 days 00:00:00.000000000
31,Eminem,The Real Slim Shady,4:42,Rap,2000-05-06,2000-06-24,70,32.0,20.0,16.0,11.0,7.0,6.0,4.0,5.0,4.0,8.0,9.0,16.0,30.0,49.0,68.0,83.0,88.0,98.0,,,,,,,,,,,,,,,,,,,,,,,,,,,,,,,,,,,,,,,,,,,,,,,,,,,,,,,,,,49 days 00:00:00.000000000
32,Pink,Most Girls,4:06,Rock,2000-08-12,2000-11-25,85,70.0,52.0,36.0,27.0,21.0,15.0,13.0,12.0,8.0,5.0,5.0,5.0,6.0,5.0,4.0,6.0,8.0,11.0,14.0,14.0,16.0,18.0,21.0,26.0,39.0,46.0,,,,,,,,,,,,,,,,,,,,,,,,,,,,,,,,,,,,,,,,,,,,,,,,,,105 days 00:00:00.000000000
33,"Mumba, Samantha",Gotta Tell You,3:19,Rock,2000-09-09,2000-12-09,85,72.0,65.0,49.0,39.0,25.0,20.0,10.0,9.0,8.0,6.0,5.0,7.0,4.0,6.0,7.0,13.0,17.0,17.0,23.0,29.0,36.0,,,,,,,,,,,,,,,,,,,,,,,,,,,,,,,,,,,,,,,,,,,,,,,,,,,,,,,91 days 00:00:00.000000000
34,Blaque,Bring It All To Me,3:46,Pop,1999-10-23,2000-01-22,73,63.0,50.0,42.0,24.0,19.0,17.0,14.0,11.0,9.0,9.0,9.0,10.0,5.0,5.0,6.0,8.0,9.0,15.0,15.0,18.0,17.0,18.0,19.0,19.0,22.0,26.0,32.0,42.0,,,,,,,,,,,,,,,,,,,,,,,,,,,,,,,,,,,,,,,,,,,,,,,,91 days 00:00:00.000000000
35,"Elliott, Missy ""Misdemeanor""",Hot Boyz,3:51,Rap,1999-11-27,2000-01-08,36,21.0,13.0,9.0,7.0,7.0,5.0,7.0,7.0,7.0,8.0,11.0,7.0,10.0,11.0,12.0,15.0,17.0,23.0,30.0,38.0,,,,,,,,,,,,,,,,,,,,,,,,,,,,,,,,,,,,,,,,,,,,,,,,,,,,,,,,42 days 00:00:00.000000000
36,"Gray, Macy",I Try,3:52,Rock,2000-02-19,2000-05-20,68,51.0,47.0,36.0,30.0,20.0,15.0,12.0,8.0,7.0,7.0,7.0,6.0,5.0,6.0,9.0,10.0,11.0,14.0,16.0,16.0,16.0,21.0,27.0,34.0,40.0,46.0,,,,,,,,,,,,,,,,,,,,,,,,,,,,,,,,,,,,,,,,,,,,,,,,,,91 days 00:00:00.000000000
37,N'Sync,This I Promise You,4:23,Rock,2000-09-30,2000-12-02,68,31.0,19.0,15.0,11.0,6.0,7.0,7.0,6.0,5.0,6.0,7.0,10.0,12.0,11.0,9.0,11.0,12.0,20.0,22.0,26.0,30.0,30.0,39.0,41.0,49.0,,,,,,,,,,,,,,,,,,,,,,,,,,,,,,,,,,,,,,,,,,,,,,,,,,,63 days 00:00:00.000000000
38,Ruff Endz,No More,3:56,Rock,2000-07-01,2000-09-02,76,38.0,19.0,17.0,12.0,15.0,12.0,10.0,7.0,5.0,8.0,8.0,10.0,12.0,14.0,15.0,19.0,23.0,21.0,18.0,19.0,22.0,23.0,24.0,33.0,38.0,,,,,,,,,,,,,,,,,,,,,,,,,,,,,,,,,,,,,,,,,,,,,,,,,,,63 days 00:00:00.000000000
39,"Backstreet Boys, The",Show Me The Meaning Of Being Lonely,3:54,Rock,2000-01-01,2000-03-18,74,62.0,55.0,25.0,16.0,14.0,12.0,10.0,12.0,9.0,7.0,6.0,6.0,6.0,8.0,9.0,13.0,19.0,23.0,26.0,32.0,34.0,45.0,47.0,,,,,,,,,,,,,,,,,,,,,,,,,,,,,,,,,,,,,,,,,,,,,,,,,,,,,77 days 00:00:00.000000000
40,Nine Days,Absolutely (Story Of A Girl),3:09,Rock,2000-05-06,2000-07-22,85,71.0,59.0,52.0,39.0,34.0,26.0,20.0,17.0,13.0,11.0,6.0,6.0,8.0,8.0,7.0,8.0,9.0,11.0,12.0,14.0,18.0,26.0,30.0,36.0,41.0,48.0,,,,,,,,,,,,,,,,,,,,,,,,,,,,,,,,,,,,,,,,,,,,,,,,,,77 days 00:00:00.000000000
41,"Dion, Celine",That's The Way It Is,4:03,Rock,1999-11-13,2000-03-04,74,68.0,65.0,49.0,44.0,34.0,30.0,30.0,17.0,14.0,11.0,8.0,9.0,10.0,11.0,11.0,6.0,8.0,7.0,7.0,9.0,10.0,14.0,16.0,26.0,31.0,35.0,42.0,,,,,,,,,,,,,,,,,,,,,,,,,,,,,,,,,,,,,,,,,,,,,,,,,112 days 00:00:00.000000000
42,Blink-182,All The Small Things,2:52,Rock,1999-12-04,2000-02-19,89,76.0,69.0,59.0,59.0,51.0,50.0,35.0,26.0,15.0,7.0,6.0,8.0,8.0,9.0,11.0,14.0,16.0,18.0,23.0,33.0,41.0,43.0,,,,,,,,,,,,,,,,,,,,,,,,,,,,,,,,,,,,,,,,,,,,,,,,,,,,,,77 days 00:00:00.000000000
43,Eiffel 65,Blue (Da Ba Dee),3:29,Electronica,1999-12-11,2000-01-29,67,29.0,16.0,16.0,13.0,11.0,9.0,6.0,7.0,9.0,13.0,19.0,21.0,24.0,32.0,42.0,56.0,60.0,76.0,88.0,,,,,,,,,,,,,,,,,,,,,,,,,,,,,,,,,,,,,,,,,,,,,,,,,,,,,,,,,49 days 00:00:00.000000000
44,"Badu, Erkyah",Bag Lady,5:03,Rock,2000-08-19,2000-10-07,67,53.0,42.0,41.0,48.0,42.0,34.0,6.0,9.0,9.0,8.0,11.0,15.0,21.0,26.0,29.0,26.0,38.0,56.0,66.0,,,,,,,,,,,,,,,,,,,,,,,,,,,,,,,,,,,,,,,,,,,,,,,,,,,,,,,,,49 days 00:00:00.000000000
45,Pink,There U Go,3:23,Rock,2000-03-04,2000-04-08,25,15.0,12.0,11.0,11.0,7.0,7.0,12.0,14.0,15.0,15.0,17.0,19.0,16.0,15.0,14.0,12.0,10.0,10.0,10.0,8.0,9.0,12.0,16.0,20.0,22.0,33.0,39.0,39.0,41.0,46.0,44.0,,,,,,,,,,,,,,,,,,,,,,,,,,,,,,,,,,,,,,,,,,,,,35 days 00:00:00.000000000
46,Creed,Higher,5:16,Rock,1999-09-11,2000-07-22,81,77.0,73.0,63.0,61.0,58.0,56.0,52.0,56.0,57.0,57.0,57.0,57.0,57.0,60.0,61.0,61.0,57.0,60.0,61.0,,,,,,,,,43.0,41.0,34.0,28.0,25.0,23.0,22.0,16.0,16.0,18.0,14.0,13.0,13.0,11.0,11.0,9.0,9.0,7.0,7.0,9.0,9.0,12.0,14.0,16.0,17.0,17.0,21.0,26.0,29.0,32.0,39.0,39.0,43.0,47.0,50.0,50.0,49.0,,,,,,,,,,,,315 days 00:00:00.000000000
47,Nelly,(Hot S**t) Country Grammar,4:17,Rap,2000-04-29,2000-09-16,100,99.0,96.0,76.0,55.0,37.0,24.0,24.0,30.0,36.0,37.0,30.0,23.0,21.0,17.0,17.0,15.0,11.0,11.0,10.0,7.0,7.0,8.0,10.0,11.0,12.0,12.0,17.0,19.0,23.0,33.0,37.0,36.0,49.0,,,,,,,,,,,,,,,,,,,,,,,,,,,,,,,,,,,,,,,,,,,140 days 00:00:00.000000000
48,Next,Wifey,4:03,Rock,2000-05-27,2000-09-09,85,61.0,46.0,40.0,36.0,31.0,25.0,22.0,25.0,24.0,21.0,20.0,19.0,19.0,8.0,7.0,10.0,12.0,21.0,25.0,35.0,,,,,,,,,,,,,,,,,,,,,,,,,,,,,,,,,,,,,,,,,,,,,,,,,,,,,,,,105 days 00:00:00.000000000
49,Kenny G,Auld Lang Syne (The Millenium Mix),7:50,Jazz,1999-12-25,2000-01-08,89,89.0,7.0,8.0,66.0,,,,,,,,,,,,,,,,,,,,,,,,,,,,,,,,,,,,,,,,,,,,,,,,,,,,,,,,,,,,,,,,,,,,,,,,14 days 00:00:00.000000000
50,Sonique,It Feels So Good,3:48,Rock,2000-01-22,2000-04-22,67,52.0,30.0,23.0,19.0,17.0,16.0,16.0,14.0,12.0,13.0,13.0,11.0,8.0,10.0,10.0,11.0,14.0,17.0,19.0,21.0,31.0,38.0,49.0,,,,,,,,,,,,,,,,,,,,,,,,,,,,,,,,,,,,,,,,,,,,,,,,,,,,,91 days 00:00:00.000000000
51,"Spears, Britney",Oops!.. I Did It Again,3:30,Rock,2000-04-22,2000-06-10,67,38.0,26.0,19.0,15.0,13.0,12.0,9.0,9.0,10.0,14.0,15.0,17.0,24.0,35.0,49.0,77.0,85.0,90.0,96.0,,,,,,,,,,,,,,,,,,,,,,,,,,,,,,,,,,,,,,,,,,,,,,,,,,,,,,,,,49 days 00:00:00.000000000
52,"Backstreet Boys, The",Shape Of My Heart,3:49,Rock,2000-10-14,2000-12-02,39,25.0,24.0,15.0,12.0,12.0,10.0,9.0,10.0,12.0,17.0,19.0,29.0,26.0,24.0,31.0,52.0,63.0,62.0,70.0,,,,,,,,,,,,,,,,,,,,,,,,,,,,,,,,,,,,,,,,,,,,,,,,,,,,,,,,,49 days 00:00:00.000000000
53,Everclear,Wonderful,4:30,Rock,2000-07-08,2000-09-30,77,69.0,53.0,37.0,33.0,25.0,24.0,23.0,22.0,25.0,28.0,25.0,11.0,13.0,13.0,11.0,18.0,28.0,36.0,39.0,45.0,,,,,,,,,,,,,,,,,,,,,,,,,,,,,,,,,,,,,,,,,,,,,,,,,,,,,,,,84 days 00:00:00.000000000
54,Ja Rule,Between Me And You,4:05,Rap,2000-09-16,2000-11-18,85,74.0,61.0,37.0,27.0,22.0,22.0,16.0,14.0,11.0,11.0,14.0,17.0,18.0,18.0,21.0,30.0,30.0,42.0,53.0,,,,,,,,,,,,,,,,,,,,,,,,,,,,,,,,,,,,,,,,,,,,,,,,,,,,,,,,,63 days 00:00:00.000000000
55,"Rimes, LeAnn",I Need You,3:42,Country,2000-05-27,2000-08-12,77,68.0,67.0,63.0,59.0,59.0,59.0,53.0,51.0,50.0,13.0,11.0,11.0,15.0,12.0,12.0,13.0,16.0,19.0,21.0,21.0,24.0,25.0,30.0,41.0,,,,,,,,,,,,,,,,,,,,,,,,,,,,,,,,,,,,,,,,,,,,,,,,,,,,77 days 00:00:00.000000000
56,Smash Mouth,Then The Morning Comes,3:04,Rock,1999-10-30,2000-01-29,83,59.0,56.0,46.0,27.0,23.0,19.0,16.0,14.0,14.0,16.0,15.0,12.0,11.0,13.0,17.0,20.0,23.0,24.0,25.0,27.0,31.0,33.0,35.0,41.0,48.0,,,,,,,,,,,,,,,,,,,,,,,,,,,,,,,,,,,,,,,,,,,,,,,,,,,91 days 00:00:00.000000000
57,Jay-Z,I Just Wanna Love U (Give It 2 Me),3:50,Rap,2000-10-28,2000-12-30,58,45.0,35.0,26.0,23.0,19.0,14.0,14.0,13.0,11.0,12.0,12.0,12.0,15.0,15.0,19.0,24.0,28.0,29.0,30.0,40.0,,,,,,,,,,,,,,,,,,,,,,,,,,,,,,,,,,,,,,,,,,,,,,,,,,,,,,,,63 days 00:00:00.000000000
58,Jagged Edge,Let's Get Married,4:23,Rock,2000-05-06,2000-07-29,77,66.0,55.0,45.0,38.0,42.0,33.0,29.0,28.0,26.0,23.0,15.0,11.0,14.0,14.0,17.0,20.0,20.0,21.0,23.0,24.0,29.0,36.0,47.0,,,,,,,,,,,,,,,,,,,,,,,,,,,,,,,,,,,,,,,,,,,,,,,,,,,,,84 days 00:00:00.000000000
59,Filter,Take A Picture,4:23,Rock,1999-11-27,2000-02-05,91,74.0,64.0,52.0,38.0,38.0,34.0,31.0,21.0,19.0,12.0,13.0,15.0,20.0,19.0,22.0,23.0,24.0,31.0,42.0,,,,,,,,,,,,,,,,,,,,,,,,,,,,,,,,,,,,,,,,,,,,,,,,,,,,,,,,,70 days 00:00:00.000000000
60,"Martin, Ricky",She Bangs,4:02,Latin,2000-10-07,2000-12-02,38,28.0,21.0,21.0,18.0,16.0,13.0,13.0,12.0,20.0,22.0,29.0,43.0,54.0,55.0,73.0,92.0,100.0,,,,,,,,,,,,,,,,,,,,,,,,,,,,,,,,,,,,,,,,,,,,,,,,,,,,,,,,,,,56 days 00:00:00.000000000
61,Mystikal,Shake Ya Ass,4:46,Rap,2000-08-12,2000-10-28,97,90.0,65.0,41.0,34.0,25.0,22.0,15.0,15.0,14.0,14.0,13.0,13.0,13.0,17.0,19.0,24.0,30.0,42.0,58.0,,,,,,,,,,,,,,,,,,,,,,,,,,,,,,,,,,,,,,,,,,,,,,,,,,,,,,,,,77 days 00:00:00.000000000
62,BBMak,Back Here,3:35,Rock,2000-04-29,2000-07-29,99,86.0,60.0,52.0,38.0,34.0,28.0,21.0,18.0,18.0,19.0,15.0,18.0,13.0,16.0,15.0,16.0,16.0,17.0,15.0,18.0,17.0,16.0,22.0,24.0,30.0,36.0,37.0,42.0,45.0,49.0,,,,,,,,,,,,,,,,,,,,,,,,,,,,,,,,,,,,,,,,,,,,,,91 days 00:00:00.000000000
63,"Spears, Britney",From The Bottom Of My Broken Heart,4:30,Rock,2000-01-29,2000-02-26,76,59.0,52.0,52.0,14.0,14.0,17.0,24.0,33.0,35.0,41.0,45.0,54.0,64.0,64.0,81.0,97.0,92.0,86.0,90.0,,,,,,,,,,,,,,,,,,,,,,,,,,,,,,,,,,,,,,,,,,,,,,,,,,,,,,,,,28 days 00:00:00.000000000
64,Third Eye Blind,Never Let You Go,3:57,Rock,2000-01-22,2000-04-01,65,32.0,25.0,24.0,23.0,22.0,22.0,21.0,19.0,16.0,14.0,16.0,16.0,17.0,18.0,21.0,22.0,25.0,27.0,33.0,45.0,46.0,,,,,,,,,,,,,,,,,,,,,,,,,,,,,,,,,,,,,,,,,,,,,,,,,,,,,,,70 days 00:00:00.000000000
65,Red Hot Chili Peppers,Otherside,4:13,Rock,2000-02-12,2000-05-27,80,72.0,65.0,52.0,51.0,49.0,40.0,37.0,32.0,29.0,29.0,29.0,29.0,24.0,18.0,14.0,15.0,16.0,19.0,22.0,29.0,45.0,,,,,,,,,,,,,,,,,,,,,,,,,,,,,,,,,,,,,,,,,,,,,,,,,,,,,,,105 days 00:00:00.000000000
66,Profyle,Liar,3:57,R&B,2000-09-16,2000-10-28,52,32.0,25.0,17.0,16.0,16.0,14.0,19.0,24.0,33.0,35.0,43.0,54.0,61.0,69.0,75.0,86.0,81.0,94.0,99.0,,,,,,,,,,,,,,,,,,,,,,,,,,,,,,,,,,,,,,,,,,,,,,,,,,,,,,,,,42 days 00:00:00.000000000
67,Barenaked Ladies,Pinch Me,3:46,Rock,2000-09-09,2000-11-25,77,76.0,69.0,45.0,51.0,37.0,33.0,29.0,26.0,25.0,16.0,15.0,15.0,19.0,19.0,20.0,22.0,20.0,21.0,34.0,44.0,,,,,,,,,,,,,,,,,,,,,,,,,,,,,,,,,,,,,,,,,,,,,,,,,,,,,,,,77 days 00:00:00.000000000
68,Jagged Edge,He Can't Love U,3:30,Rock,1999-12-11,2000-01-08,54,32.0,17.0,17.0,15.0,18.0,18.0,18.0,18.0,25.0,24.0,24.0,26.0,33.0,44.0,51.0,53.0,65.0,69.0,77.0,,,,,,,,,,,,,,,,,,,,,,,,,,,,,,,,,,,,,,,,,,,,,,,,,,,,,,,,,28 days 00:00:00.000000000
69,504 Boyz,Wobble Wobble,3:35,Rap,2000-04-15,2000-05-06,57,34.0,25.0,17.0,17.0,31.0,36.0,49.0,53.0,57.0,64.0,70.0,75.0,76.0,78.0,85.0,92.0,96.0,,,,,,,,,,,,,,,,,,,,,,,,,,,,,,,,,,,,,,,,,,,,,,,,,,,,,,,,,,,21 days 00:00:00.000000000
70,Sting,Desert Rose,3:52,Rock,2000-05-13,2000-08-26,98,88.0,72.0,59.0,55.0,52.0,45.0,35.0,24.0,21.0,19.0,19.0,19.0,19.0,18.0,17.0,19.0,19.0,24.0,26.0,30.0,32.0,42.0,45.0,42.0,49.0,,,,,,,,,,,,,,,,,,,,,,,,,,,,,,,,,,,,,,,,,,,,,,,,,,,105 days 00:00:00.000000000
71,Jay-Z,Big Pimpin',3:55,Rap,2000-04-22,2000-07-08,69,52.0,39.0,33.0,28.0,25.0,25.0,23.0,20.0,19.0,21.0,18.0,20.0,20.0,26.0,29.0,35.0,33.0,41.0,50.0,,,,,,,,,,,,,,,,,,,,,,,,,,,,,,,,,,,,,,,,,,,,,,,,,,,,,,,,,77 days 00:00:00.000000000
72,Kid Rock,Only God Knows Why,5:27,Rock,2000-02-19,2000-04-15,63,47.0,46.0,39.0,35.0,26.0,26.0,23.0,19.0,19.0,21.0,25.0,25.0,29.0,32.0,44.0,52.0,62.0,69.0,78.0,,,,,,,,,,,,,,,,,,,,,,,,,,,,,,,,,,,,,,,,,,,,,,,,,,,,,,,,,56 days 00:00:00.000000000
73,Foo Fighters,Learn To Fly,3:55,Rock,1999-10-16,2000-01-22,80,69.0,68.0,63.0,60.0,52.0,42.0,32.0,30.0,25.0,22.0,22.0,26.0,20.0,19.0,20.0,26.0,30.0,35.0,42.0,50.0,,,,,,,,,,,,,,,,,,,,,,,,,,,,,,,,,,,,,,,,,,,,,,,,,,,,,,,,98 days 00:00:00.000000000
74,"Dixie Chicks, The",Goodbye Earl,4:19,Country,2000-03-18,2000-05-06,40,29.0,24.0,24.0,20.0,20.0,20.0,19.0,38.0,61.0,86.0,88.0,96.0,96.0,98.0,,,,,,,,,,,,,,,,,,,,,,,,,,,,,,,,,,,,,,,,,,,,,,,,,,,,,,,,,,,,,,49 days 00:00:00.000000000
75,Guy,Dancin',4:08,R&B,1999-12-18,2000-01-01,46,29.0,19.0,22.0,36.0,44.0,58.0,58.0,68.0,75.0,94.0,,,,,,,,,,,,,,,,,,,,,,,,,,,,,,,,,,,,,,,,,,,,,,,,,,,,,,,,,,,,,,,,,,14 days 00:00:00.000000000
76,Lil Bow Wow,Bounce With Me,3:22,Rap,2000-08-19,2000-09-16,48,35.0,24.0,24.0,20.0,20.0,20.0,20.0,22.0,27.0,27.0,36.0,40.0,53.0,61.0,69.0,80.0,90.0,99.0,,,100.0,,,,,,,,,,,,,,,,,,,,,,,,,,,,,,,,,,,,,,,,,,,,,,,,,,,,,,,28 days 00:00:00.000000000
77,Westlife,Swear It Again,4:07,Rock,2000-04-01,2000-07-01,96,82.0,66.0,55.0,55.0,46.0,44.0,44.0,37.0,35.0,32.0,25.0,21.0,20.0,20.0,25.0,30.0,33.0,45.0,56.0,,,,,,,,,,,,,,,,,,,,,,,,,,,,,,,,,,,,,,,,,,,,,,,,,,,,,,,,,91 days 00:00:00.000000000
78,Train,Meet Virginia,3:55,Rock,1999-10-09,2000-01-22,76,67.0,59.0,54.0,48.0,45.0,40.0,32.0,26.0,24.0,22.0,21.0,21.0,24.0,21.0,20.0,21.0,24.0,28.0,30.0,32.0,37.0,37.0,42.0,46.0,50.0,50.0,,,,,,,,,,,,,,,,,,,,,,,,,,,,,,,,,,,,,,,,,,,,,,,,,,105 days 00:00:00.000000000
79,"Thomas, Carl",I Wish,3:50,Rock,2000-03-25,2000-05-13,75,64.0,48.0,39.0,32.0,28.0,24.0,20.0,22.0,21.0,22.0,26.0,23.0,24.0,27.0,28.0,42.0,44.0,52.0,67.0,,,,,,,,,,,,,,,,,,,,,,,,,,,,,,,,,,,,,,,,,,,,,,,,,,,,,,,,,49 days 00:00:00.000000000
80,Hanson,This Time Around,4:14,Country,2000-04-22,2000-05-06,22,22.0,20.0,45.0,87.0,71.0,95.0,,,,,,,,,,,,,,,,,,,,,,,,,,,,,,,,,,,,,,,,,,,,,,,,,,,,,,,,,,,,,,,,,,,,,,14 days 00:00:00.000000000
81,"Simpson, Jessica",I Think I'm In Love With You,3:32,Pop,2000-07-01,2000-08-12,63,52.0,44.0,29.0,25.0,23.0,21.0,21.0,21.0,27.0,38.0,38.0,57.0,74.0,89.0,96.0,,,,,,,,,,,,,,,,,,,,,,,,,,,,,,,,,,,,,,,,,,,,,,,,,,,,,,,,,,,,,42 days 00:00:00.000000000
82,Ludacris,What's Your Fantasy,4:16,Rap,2000-09-30,2000-12-16,89,83.0,63.0,55.0,49.0,40.0,33.0,32.0,30.0,25.0,22.0,21.0,24.0,24.0,24.0,27.0,25.0,34.0,32.0,35.0,41.0,47.0,,,,,,,,,,,,,,,,,,,,,,,,,,,,,,,,,,,,,,,,,,,,,,,,,,,,,,,77 days 00:00:00.000000000
83,Lil' Zane,Callin' Me,3:43,Rap,2000-07-29,2000-09-02,83,89.0,57.0,40.0,34.0,21.0,33.0,46.0,45.0,59.0,67.0,84.0,95.0,,,,,,,,,,,,,,,,,,,,,,,,,,,,,,,,,,,,,,,,,,,,,,,,,,,,,,,,,,,,,,,,35 days 00:00:00.000000000
84,M2M,Don't Say You Love Me,3:41,Pop,1999-11-20,2000-01-08,72,53.0,62.0,46.0,54.0,44.0,44.0,21.0,64.0,92.0,98.0,98.0,,,,,,,,,,,,,,,,,,,,,,,,,,,,,,,,,,,,,,,,,,,,,,,,,,,,,,,,,,,,,,,,,49 days 00:00:00.000000000
85,SoulDecision,Faded,3:25,Rock,2000-07-08,2000-09-09,94,90.0,81.0,64.0,56.0,43.0,35.0,27.0,25.0,22.0,22.0,27.0,27.0,27.0,31.0,31.0,30.0,34.0,31.0,34.0,34.0,38.0,45.0,50.0,,,,,,,,,,,,,,,,,,,,,,,,,,,,,,,,,,,,,,,,,,,,,,,,,,,,,63 days 00:00:00.000000000
86,"Brock, Chad",Yes!,3:22,Country,2000-04-08,2000-07-01,90,77.0,66.0,61.0,59.0,47.0,39.0,33.0,32.0,31.0,28.0,27.0,22.0,27.0,31.0,39.0,45.0,50.0,53.0,59.0,,,,,,,,,,,,,,,,,,,,,,,,,,,,,,,,,,,,,,,,,,,,,,,,,,,,,,,,,84 days 00:00:00.000000000
87,"Martin, Ricky",Shake Your Bon-Bon,3:08,Latin,1999-11-20,2000-02-12,74,66.0,52.0,39.0,39.0,39.0,39.0,46.0,47.0,54.0,91.0,28.0,22.0,33.0,46.0,70.0,87.0,93.0,,,,,,,,,,,,,,,,,,,,,,,,,,,,,,,,,,,,,,,,,,,,,,,,,,,,,,,,,,,84 days 00:00:00.000000000
88,Vertical Horizon,You're A God,3:45,Rock,2000-08-26,2000-11-04,64,55.0,43.0,41.0,37.0,31.0,30.0,29.0,28.0,26.0,23.0,23.0,25.0,32.0,32.0,37.0,37.0,41.0,46.0,48.0,49.0,,,,,,,,,,,,,,,,,,,,,,,,,,,,,,,,,,,,,,,,,,,,,,,,,,,,,,,,70 days 00:00:00.000000000
89,Avant,Separated,4:13,Rock,2000-04-29,2000-05-20,62,32.0,30.0,23.0,26.0,30.0,35.0,32.0,32.0,25.0,23.0,28.0,27.0,29.0,27.0,31.0,31.0,33.0,40.0,51.0,,,,,,,,,,,,,,,,,,,,,,,,,,,,,,,,,,,,,,,,,,,,,,,,,,,,,,,,,21 days 00:00:00.000000000
90,"Rimes, LeAnn",Big Deal,3:03,Country,1999-10-16,2000-01-01,71,52.0,51.0,51.0,51.0,48.0,41.0,37.0,29.0,26.0,26.0,23.0,30.0,28.0,27.0,25.0,31.0,43.0,56.0,70.0,,,,,,,,,,,,,,,,,,,,,,,,,,,,,,,,,,,,,,,,,,,,,,,,,,,,,,,,,77 days 00:00:00.000000000
91,IMx,Stay The Night,3:37,Rap,1999-10-09,2000-01-08,84,61.0,45.0,43.0,40.0,38.0,36.0,31.0,34.0,34.0,40.0,36.0,36.0,23.0,41.0,62.0,70.0,71.0,79.0,78.0,,,,,,,,,,,,,,,,,,,,,,,,,,,,,,,,,,,,,,,,,,,,,,,,,,,,,,,,,91 days 00:00:00.000000000
92,Dr. Dre,The Next Episode,2:38,Rap,2000-05-27,2000-07-29,78,67.0,58.0,53.0,46.0,41.0,32.0,27.0,26.0,23.0,26.0,27.0,32.0,32.0,44.0,46.0,47.0,50.0,52.0,58.0,,,,,,,,,,,,,,,,,,,,,,,,,,,,,,,,,,,,,,,,,,,,,,,,,,,,,,,,,63 days 00:00:00.000000000
93,"Spears, Britney",Lucky,3:23,Rock,2000-08-12,2000-09-09,61,41.0,28.0,26.0,23.0,29.0,30.0,40.0,66.0,86.0,100.0,,,,,,,,,,,,,,,,,,,,,,,,,,,,,,,,,,,,,,,,,,,,,,,,,,,,,,,,,,,,,,,,,,28 days 00:00:00.000000000
94,Savage Garden,Crash And Burn,4:41,Rock,2000-04-08,2000-05-27,75,58.0,51.0,36.0,33.0,31.0,26.0,24.0,24.0,29.0,34.0,39.0,46.0,47.0,48.0,49.0,58.0,63.0,73.0,87.0,,,,,,,,,,,,,,,,,,,,,,,,,,,,,,,,,,,,,,,,,,,,,,,,,,,,,,,,,49 days 00:00:00.000000000
95,Kandi,Don't Think I'm Not,3:50,Rock,2000-08-05,2000-10-07,66,66.0,66.0,61.0,49.0,42.0,36.0,33.0,28.0,24.0,26.0,26.0,28.0,29.0,27.0,31.0,31.0,26.0,25.0,25.0,30.0,40.0,36.0,41.0,,,,,,,,,,,,,,,,,,,,,,,,,,,,,,,,,,,,,,,,,,,,,,,,,,,,,63 days 00:00:00.000000000
96,Sammie,I Like It,4:09,Rock,2000-01-29,2000-04-15,85,68.0,58.0,44.0,40.0,33.0,30.0,29.0,37.0,29.0,29.0,24.0,36.0,46.0,52.0,61.0,83.0,93.0,91.0,89.0,,,,,,,,,,,,,,,,,,,,,,,,,,,,,,,,,,,,,,,,,,,,,,,,,,,,,,,,,77 days 00:00:00.000000000
97,Goo Goo Dolls,Broadway,3:54,Rock,2000-04-22,2000-07-01,74,58.0,53.0,42.0,35.0,31.0,29.0,25.0,29.0,26.0,24.0,33.0,46.0,48.0,57.0,62.0,74.0,82.0,85.0,87.0,,,,,,,,,,,,,,,,,,,,,,,,,,,,,,,,,,,,,,,,,,,,,,,,,,,,,,,,,70 days 00:00:00.000000000
98,"Moore, Mandy",I Wanna Be With You,4:12,Pop,2000-06-17,2000-08-12,69,63.0,54.0,50.0,45.0,42.0,31.0,28.0,24.0,34.0,42.0,53.0,65.0,66.0,77.0,94.0,99.0,,,,,93.0,91.0,91.0,90.0,89.0,86.0,,,,,,,,,,,,,,,,,,,,,,,,,,,,,,,,,,,,,,,,,,,,,,,,,,56 days 00:00:00.000000000
99,Dr. Dre,Forgot About Dre,3:42,Rap,2000-01-22,2000-03-25,75,55.0,47.0,36.0,36.0,30.0,30.0,31.0,26.0,25.0,25.0,26.0,26.0,28.0,34.0,47.0,58.0,68.0,80.0,82.0,,,,,,,,,,,,,,,,,,,,,,,,,,,,,,,,,,,,,,,,,,,,,,,,,,,,,,,,,63 days 00:00:00.000000000
100,D'Angelo,Untitled (How Does It Feel),7:10,R&B,2000-01-22,2000-02-19,77,56.0,35.0,26.0,25.0,25.0,28.0,28.0,31.0,35.0,39.0,44.0,51.0,60.0,73.0,79.0,94.0,,,,,,,,,,,,,,,,,,,,,,,,,,,,,,,,,,,,,,,,,,,,,,,,,,,,,,,,,,,,28 days 00:00:00.000000000
101,"Messina, Jo Dee",That's The Way,3:17,Country,2000-06-24,2000-08-26,78,67.0,63.0,54.0,50.0,44.0,38.0,30.0,27.0,25.0,31.0,28.0,30.0,28.0,32.0,35.0,48.0,46.0,51.0,59.0,,,,,,,,,,,,,,,,,,,,,,,,,,,,,,,,,,,,,,,,,,,,,,,,,,,,,,,,,63 days 00:00:00.000000000
102,Avant,My First Love,4:28,Rock,2000-11-04,2000-12-16,70,62.0,56.0,43.0,39.0,33.0,26.0,26.0,26.0,31.0,32.0,31.0,38.0,38.0,52.0,57.0,64.0,73.0,81.0,79.0,,,,,,,,,,,,,,,,,,,,,,,,,,,,,,,,,,,,,,,,,,,,,,,,,,,,,,,,,42 days 00:00:00.000000000
103,Son By Four,A Puro Dolor (Purest Of Pain),3:30,Latin,2000-04-08,2000-08-19,80,80.0,80.0,79.0,72.0,73.0,65.0,64.0,60.0,60.0,48.0,48.0,48.0,43.0,35.0,32.0,30.0,32.0,37.0,26.0,31.0,28.0,30.0,32.0,39.0,35.0,,,,,,,,,,,,,,,,,,,,,,,,,,,,,,,,,,,,,,,,,,,,,,,,,,,133 days 00:00:00.000000000
104,Da Brat,What'Chu Like,3:57,Rap,2000-06-03,2000-08-12,71,65.0,54.0,54.0,51.0,41.0,41.0,33.0,28.0,31.0,26.0,28.0,36.0,39.0,49.0,58.0,62.0,65.0,68.0,68.0,,,,,,,,,,,,,,,,,,,,,,,,,,,,,,,,,,,,,,,,,,,,,,,,,,,,,,,,,70 days 00:00:00.000000000
105,DMX,Party Up (Up In Here),3:45,Rap,2000-02-26,2000-04-22,88,74.0,62.0,56.0,49.0,44.0,38.0,32.0,27.0,27.0,27.0,27.0,27.0,28.0,28.0,33.0,35.0,42.0,44.0,46.0,43.0,,,,,,,,,,,,,,,,,,,,,,,,,,,,,,,,,,,,,,,,,,,,,,,,,,,,,,,,56 days 00:00:00.000000000
106,"Dixie Chicks, The",Cowboy Take Me Away,4:51,Country,1999-11-27,2000-01-29,79,72.0,70.0,61.0,52.0,52.0,52.0,39.0,31.0,27.0,27.0,27.0,31.0,37.0,40.0,47.0,51.0,56.0,59.0,59.0,,,,,,,,,,,,,,,,,,,,,,,,,,,,,,,,,,,,,,,,,,,,,,,,,,,,,,,,,63 days 00:00:00.000000000
107,"McGraw, Tim",My Next Thirty Years,3:37,Country,2000-10-21,2000-12-16,73,62.0,56.0,52.0,46.0,40.0,36.0,31.0,27.0,27.0,28.0,40.0,33.0,33.0,39.0,40.0,48.0,53.0,58.0,62.0,,,,,,,,,,,,,,,,,,,,,,,,,,,,,,,,,,,,,,,,,,,,,,,,,,,,,,,,,56 days 00:00:00.000000000
108,"Tritt, Travis",Best Of Intentions,4:15,Country,2000-08-19,2000-12-02,97,86.0,79.0,70.0,63.0,56.0,50.0,48.0,51.0,38.0,33.0,31.0,28.0,28.0,28.0,27.0,29.0,31.0,37.0,45.0,49.0,48.0,,,,,,,,,,,,,,,,,,,,,,,,,,,,,,,,,,,,,,,,,,,,,,,,,,,,,,,105 days 00:00:00.000000000
109,Alice Deejay,Better Off Alone,6:50,Electronica,2000-04-08,2000-06-03,79,65.0,53.0,48.0,45.0,36.0,34.0,29.0,27.0,30.0,36.0,37.0,39.0,49.0,57.0,63.0,65.0,68.0,79.0,86.0,,,,,,,,,,,,,,,,,,,,,,,,,,,,,,,,,,,,,,,,,,,,,,,,,,,,,,,,,56 days 00:00:00.000000000
110,Hoku,Another Dumb Blonde,3:47,Pop,2000-02-19,2000-04-08,69,49.0,49.0,34.0,34.0,34.0,30.0,27.0,36.0,41.0,53.0,56.0,80.0,100.0,,,,,,,,,,,,,,,,,,,,,,,,,,,,,,,,,,,,,,,,,,,,,,,,,,,,,,,,,,,,,,,49 days 00:00:00.000000000
111,"Houston, Whitney",I Learned From The Best,4:18,Rock,2000-02-19,2000-03-25,83,83.0,83.0,40.0,28.0,27.0,28.0,36.0,53.0,73.0,82.0,,,,,,,,,,,,,,,,,,,,,,,,,,,,,,,,,,,,,,,,,,,,,,,,,,,,,,,,,,,,,,,,,,35 days 00:00:00.000000000
112,Counting Crows,Hanginaround,4:07,Rock,1999-11-06,2000-01-29,84,70.0,66.0,60.0,46.0,37.0,35.0,35.0,35.0,32.0,29.0,29.0,28.0,32.0,38.0,48.0,56.0,59.0,61.0,66.0,,,,,,,,,,,,,,,,,,,,,,,,,,,,,,,,,,,,,,,,,,,,,,,,,,,,,,,,,84 days 00:00:00.000000000
113,Mary Mary,Shackles (Praise You),3:12,Rock,2000-03-25,2000-05-13,90,76.0,72.0,54.0,43.0,37.0,34.0,28.0,33.0,30.0,31.0,39.0,43.0,53.0,60.0,70.0,71.0,76.0,84.0,94.0,,,,,,,,,,,,,,,,,,,,,,,,,,,,,,,,,,,,,,,,,,,,,,,,,,,,,,,,,49 days 00:00:00.000000000
114,"Carey, Mariah",Crybaby,5:19,Rock,2000-06-24,2000-06-24,28,34.0,48.0,62.0,77.0,90.0,95.0,,,,,,,,,,,,,,,,,,,,,,,,,,,,,,,,,,,,,,,,,,,,,,,,,,,,,,,,,,,,,,,,,,,,,,0 days 00:00:00.000000000
115,"McGraw, Tim",My Best Friend,4:33,Country,1999-11-27,2000-01-29,85,76.0,71.0,64.0,54.0,54.0,55.0,46.0,38.0,29.0,29.0,33.0,32.0,31.0,36.0,38.0,39.0,41.0,46.0,49.0,48.0,,,,,,,,,,,,,,,,,,,,,,,,,,,,,,,,,,,,,,,,,,,,,,,,,,,,,,,,63 days 00:00:00.000000000
116,Sugar Ray,Falls Apart,4:15,Rock,2000-01-15,2000-02-19,70,64.0,54.0,40.0,34.0,29.0,29.0,32.0,32.0,37.0,47.0,49.0,52.0,60.0,76.0,80.0,89.0,97.0,98.0,100.0,,,,,,,,,,,,,,,,,,,,,,,,,,,,,,,,,,,,,,,,,,,,,,,,,,,,,,,,,35 days 00:00:00.000000000
117,Madonna,American Pie,4:30,Rock,2000-02-19,2000-03-04,43,35.0,29.0,29.0,33.0,32.0,40.0,58.0,88.0,,,,,,,,,,,,,,,,,,,,,,,,,,,,,,,,,,,,,,,,,,,,,,,,,,,,,,,,,,,,,,,,,,,,14 days 00:00:00.000000000
118,"Jones, Donell",Where I Wanna Be,6:22,Rock,2000-04-22,2000-07-08,81,71.0,65.0,50.0,41.0,41.0,36.0,41.0,38.0,35.0,33.0,29.0,36.0,34.0,34.0,40.0,42.0,49.0,55.0,62.0,,,,,,,,,,,,,,,,,,,,,,,,,,,,,,,,,,,,,,,,,,,,,,,,,,,,,,,,,77 days 00:00:00.000000000
119,"Paisley, Brad",We Danced,3:45,Country,2000-10-14,2000-12-16,71,68.0,52.0,52.0,45.0,42.0,39.0,34.0,34.0,29.0,36.0,42.0,55.0,53.0,57.0,64.0,72.0,84.0,83.0,86.0,,,,,,,,,,,,,,,,,,,,,,,,,,,,,,,,,,,,,,,,,,,,,,,,,,,,,,,,,63 days 00:00:00.000000000
120,Lonestar,What About Now,3:30,Country,2000-06-10,2000-08-19,78,72.0,66.0,64.0,56.0,50.0,47.0,39.0,37.0,34.0,30.0,30.0,35.0,36.0,37.0,43.0,54.0,60.0,61.0,69.0,,,,,,,,,,,,,,,,,,,,,,,,,,,,,,,,,,,,,,,,,,,,,,,,,,,,,,,,,70 days 00:00:00.000000000
121,"Backstreet Boys, The",The One,3:46,Rock,2000-05-27,2000-07-01,58,50.0,43.0,37.0,31.0,30.0,39.0,47.0,55.0,61.0,76.0,90.0,93.0,93.0,100.0,,,,,,,,,,,,,,,,,,,,,,,,,,,,,,,,,,,,,,,,,,,,,,,,,,,,,,,,,,,,,,35 days 00:00:00.000000000
122,"Keith, Toby",How Do You Like Me Now?!,3:29,Country,2000-01-29,2000-04-08,77,72.0,59.0,53.0,45.0,43.0,41.0,36.0,36.0,32.0,31.0,31.0,35.0,35.0,38.0,43.0,45.0,51.0,52.0,54.0,,,,,,,,,,,,,,,,,,,,,,,,,,,,,,,,,,,,,,,,,,,,,,,,,,,,,,,,,70 days 00:00:00.000000000
123,"Strait, George",The Best Day,3:24,Country,2000-01-29,2000-04-22,73,64.0,54.0,45.0,44.0,44.0,44.0,41.0,39.0,34.0,33.0,33.0,31.0,33.0,36.0,39.0,43.0,49.0,53.0,62.0,,,,,,,,,,,,,,,,,,,,,,,,,,,,,,,,,,,,,,,,,,,,,,,,,,,,,,,,,84 days 00:00:00.000000000
124,"Dixie Chicks, The",Without You,3:32,Country,2000-10-07,2000-12-23,80,70.0,63.0,56.0,50.0,49.0,48.0,46.0,41.0,40.0,35.0,31.0,33.0,44.0,36.0,35.0,37.0,43.0,51.0,54.0,,,,,,,,,,,,,,,,,,,,,,,,,,,,,,,,,,,,,,,,,,,,,,,,,,,,,,,,,77 days 00:00:00.000000000
125,Musiq,Just Friends (Sunny),4:02,Rap,2000-10-14,2000-12-30,89,83.0,65.0,55.0,54.0,54.0,52.0,44.0,41.0,34.0,32.0,31.0,35.0,34.0,41.0,41.0,48.0,54.0,58.0,68.0,,,,,,,,,,,,,,,,,,,,,,,,,,,,,,,,,,,,,,,,,,,,,,,,,,,,,,,,,77 days 00:00:00.000000000
126,"McEntire, Reba",What Do You Say,3:26,Country,1999-10-30,2000-01-29,88,76.0,71.0,71.0,69.0,63.0,56.0,51.0,46.0,46.0,53.0,43.0,33.0,31.0,34.0,41.0,50.0,60.0,68.0,71.0,,,,,,,,,,,,,,,,,,,,,,,,,,,,,,,,,,,,,,,,,,,,,,,,,,,,,,,,,91 days 00:00:00.000000000
127,"Braxton, Toni",Just Be A Man About It,4:10,Rock,2000-07-29,2000-09-02,76,69.0,51.0,42.0,37.0,32.0,32.0,34.0,34.0,38.0,50.0,53.0,53.0,63.0,65.0,72.0,79.0,84.0,89.0,90.0,,,,,,,,,,,,,,,,,,,,,,,,,,,,,,,,,,,,,,,,,,,,,,,,,,,,,,,,,35 days 00:00:00.000000000
128,"Iglesias, Enrique",Rhythm Divine,7:35,Latin,1999-12-04,2000-01-22,90,84.0,79.0,67.0,67.0,39.0,33.0,32.0,38.0,38.0,49.0,51.0,61.0,61.0,66.0,88.0,96.0,,,,,,,,,,,,,,,,,,,,,,,,,,,,,,,,,,,,,,,,,,,,,,,,,,,,,,,,,,,,49 days 00:00:00.000000000
129,"Fabian, Lara",I Will Love Again,3:43,Pop,2000-06-10,2000-08-12,91,80.0,75.0,61.0,60.0,52.0,45.0,40.0,36.0,32.0,37.0,45.0,68.0,80.0,80.0,89.0,96.0,,,,,,,,,,,,,,,,,,,,,,,,,,,,,,,,,,,,,,,,,,,,,,,,,,,,,,,,,,,,63 days 00:00:00.000000000
130,Bon Jovi,It's My Life,3:44,Rock,2000-08-12,2000-09-30,64,58.0,51.0,51.0,48.0,45.0,36.0,33.0,34.0,34.0,35.0,34.0,39.0,44.0,51.0,58.0,61.0,84.0,85.0,87.0,,,,,,,,,,,,,,,,,,,,,,,,,,,,,,,,,,,,,,,,,,,,,,,,,,,,,,,,,49 days 00:00:00.000000000
131,"Evans, Sara",Born To Fly,5:36,Country,2000-10-21,2000-12-30,77,71.0,64.0,57.0,55.0,51.0,46.0,44.0,36.0,39.0,34.0,46.0,44.0,36.0,42.0,53.0,58.0,74.0,81.0,86.0,,,,,,,,,,,,,,,,,,,,,,,,,,,,,,,,,,,,,,,,,,,,,,,,,,,,,,,,,70 days 00:00:00.000000000
132,"Chesney, Kenny",I Lost It,3:54,Country,2000-10-21,2000-12-23,75,67.0,61.0,58.0,58.0,53.0,47.0,47.0,40.0,34.0,36.0,45.0,42.0,45.0,60.0,70.0,82.0,88.0,89.0,92.0,,,,,,,,,,,,,,,,,,,,,,,,,,,,,,,,,,,,,,,,,,,,,,,,,,,,,,,,,63 days 00:00:00.000000000
133,J-Shin,One Night Stand,4:34,R&B,1999-12-25,2000-02-26,96,96.0,69.0,74.0,72.0,62.0,49.0,45.0,38.0,34.0,38.0,45.0,47.0,58.0,68.0,88.0,99.0,,,,,,,,,,,,,,,,,,,,,,,,,,,,,,,,,,,,,,,,,,,,,,,,,,,,,,,,,,,,63 days 00:00:00.000000000
134,Eve,Love Is Blind,3:51,Rap,2000-01-08,2000-02-19,94,91.0,57.0,46.0,46.0,40.0,34.0,39.0,42.0,46.0,50.0,59.0,66.0,78.0,87.0,99.0,,,,,,,,,,,,,,,,,,,,,,,,,,,,,,,,,,,,,,,,,,,,,,,,,,,,,,,,,,,,,42 days 00:00:00.000000000
135,Aaliyah,I Don't Wanna,4:15,Rock,2000-01-29,2000-03-04,84,62.0,51.0,41.0,38.0,35.0,35.0,38.0,38.0,36.0,37.0,37.0,38.0,49.0,61.0,63.0,62.0,67.0,83.0,86.0,,,,,,,,,,,,,,,,,,,,,,,,,,,,,,,,,,,,,,,,,,,,,,,,,,,,,,,,,35 days 00:00:00.000000000
136,"Montgomery, John Michael",The Little Girl,3:52,Country,2000-09-09,2000-10-28,81,67.0,64.0,56.0,45.0,41.0,41.0,35.0,35.0,38.0,37.0,42.0,45.0,50.0,57.0,63.0,62.0,83.0,74.0,74.0,,,,,,,,,,,,,,,,,,,,,,,,,,,,,,,,,,,,,,,,,,,,,,,,,,,,,,,,,49 days 00:00:00.000000000
137,"Carter, Aaron",Aaron's Party (Come Get It),3:23,R&B,2000-08-26,2000-09-16,99,75.0,57.0,35.0,35.0,37.0,43.0,79.0,51.0,55.0,67.0,83.0,86.0,92.0,100.0,,,,,,,,,,,,,,,,,,,,,,,,,,,,,,,,,,,,,,,,,,,,,,,,,,,,,,,,,,,,,,21 days 00:00:00.000000000
138,"Vassar, Phil",Just Another Day In Paradise,3:54,Country,2000-09-30,2000-12-02,81,81.0,76.0,67.0,53.0,46.0,43.0,38.0,36.0,35.0,43.0,41.0,46.0,51.0,62.0,58.0,63.0,70.0,74.0,79.0,,,,,,,,,,,,,,,,,,,,,,,,,,,,,,,,,,,,,,,,,,,,,,,,,,,,,,,,,63 days 00:00:00.000000000
139,Ice Cube,You Can Do It,4:20,Rap,1999-12-04,2000-01-15,86,66.0,50.0,42.0,42.0,40.0,35.0,46.0,45.0,54.0,73.0,89.0,,,,,,,,,,,,,,,,,,,,,,,,,,,,,,,,,,,,,,,,,,,,,,,,,,,,,,,,,,,,,,,,,42 days 00:00:00.000000000
140,"Wills, Mark",Back At One,4:00,Country,2000-01-15,2000-02-26,89,55.0,51.0,43.0,37.0,37.0,36.0,39.0,42.0,46.0,45.0,52.0,64.0,74.0,84.0,90.0,94.0,99.0,,,,,,,,,,,,,,,,,,,,,,,,,,,,,,,,,,,,,,,,,,,,,,,,,,,,,,,,,,,42 days 00:00:00.000000000
141,Lucy Pearl,Dance Tonight,3:45,R&B,2000-05-20,2000-07-29,80,75.0,63.0,59.0,55.0,49.0,42.0,42.0,40.0,40.0,36.0,43.0,46.0,54.0,72.0,84.0,84.0,86.0,92.0,,,,,,,,,,,,,,,,,,,,,,,,,,,,,,,,,,,,,,,,,,,,,,,,,,,,,,,,,,70 days 00:00:00.000000000
142,"Jackson, Alan",It Must Be Love,2:53,Country,2000-06-24,2000-09-02,76,74.0,68.0,63.0,57.0,49.0,44.0,39.0,39.0,38.0,37.0,37.0,40.0,47.0,62.0,64.0,75.0,80.0,84.0,89.0,,,,,,,,,,,,,,,,,,,,,,,,,,,,,,,,,,,,,,,,,,,,,,,,,,,,,,,,,70 days 00:00:00.000000000
143,"Griggs, Andy",She's More,3:19,Country,2000-03-11,2000-06-10,81,76.0,69.0,67.0,62.0,55.0,52.0,51.0,51.0,48.0,47.0,43.0,42.0,37.0,41.0,50.0,69.0,73.0,77.0,85.0,,,,,,,,,,,,,,,,,,,,,,,,,,,,,,,,,,,,,,,,,,,,,,,,,,,,,,,,,91 days 00:00:00.000000000
144,No Doubt,Simple Kind Of Life,4:11,Rock,2000-07-01,2000-07-22,50,40.0,39.0,38.0,38.0,48.0,52.0,55.0,80.0,85.0,88.0,100.0,98.0,,,,,,,,,,,,,,,,,,,,,,,,,,,,,,,,,,,,,,,,,,,,,,,,,,,,,,,,,,,,,,,,21 days 00:00:00.000000000
145,"Jean, Wyclef",911,4:00,Rap,2000-10-07,2000-11-25,77,74.0,64.0,61.0,53.0,48.0,43.0,38.0,42.0,38.0,44.0,49.0,53.0,61.0,66.0,68.0,80.0,85.0,96.0,,,,,,,,,,,,,,,,,,,,,,,,,,,,,,,,,,,,,,,,,,,,,,,,,,,,,,,,,,49 days 00:00:00.000000000
146,Rascal Flatts,Prayin' For Daylight,3:36,Country,2000-05-06,2000-08-12,87,78.0,72.0,68.0,66.0,64.0,58.0,58.0,56.0,54.0,49.0,46.0,46.0,41.0,38.0,38.0,47.0,65.0,72.0,77.0,,,,,,,,,,,,,,,,,,,,,,,,,,,,,,,,,,,,,,,,,,,,,,,,,,,,,,,,,98 days 00:00:00.000000000
147,Vitamin C,Graduation (Friends Forever),4:23,Rock,2000-04-15,2000-06-10,81,64.0,54.0,54.0,46.0,40.0,40.0,40.0,38.0,42.0,57.0,87.0,,,,,,,,,,,,,,,,,,,,,,,,,,,,,,,,,,,,,,,,,,,,,,,,,,,,,,,,,,,,,,,,,56 days 00:00:00.000000000
148,"Gilman, Billy",One Voice,4:07,Country,2000-06-17,2000-09-02,86,86.0,82.0,72.0,65.0,56.0,56.0,55.0,44.0,44.0,43.0,38.0,40.0,44.0,61.0,77.0,85.0,95.0,97.0,,,,,,,,,,,,,,,,,,,,,,,,,,,,,,,,,,,,,,,,,,,,,,,,,,,,,,,,,,77 days 00:00:00.000000000
149,Lonestar,Smile,3:33,Country,1999-12-18,2000-02-12,89,80.0,80.0,80.0,65.0,47.0,44.0,42.0,39.0,39.0,43.0,41.0,43.0,45.0,50.0,58.0,67.0,78.0,85.0,91.0,,,,,,,,,,,,,,,,,,,,,,,,,,,,,,,,,,,,,,,,,,,,,,,,,,,,,,,,,56 days 00:00:00.000000000
150,"Rogers, Kenny",Buy Me A Rose,3:46,Country,2000-03-11,2000-05-06,79,72.0,65.0,65.0,54.0,46.0,46.0,43.0,40.0,40.0,46.0,54.0,58.0,66.0,73.0,82.0,86.0,84.0,88.0,91.0,,,,,,,,,,,,,,,,,,,,,,,,,,,,,,,,,,,,,,,,,,,,,,,,,,,,,,,,,56 days 00:00:00.000000000
151,"Lawrence, Tracy",Lessons Learned,2:55,Country,2000-01-29,2000-04-08,80,73.0,61.0,61.0,48.0,48.0,48.0,48.0,44.0,42.0,40.0,40.0,50.0,66.0,81.0,93.0,94.0,99.0,99.0,100.0,,,,,,,,,,,,,,,,,,,,,,,,,,,,,,,,,,,,,,,,,,,,,,,,,,,,,,,,,70 days 00:00:00.000000000
152,"Strait, George",Go On,3:48,Country,2000-08-26,2000-10-28,71,67.0,63.0,56.0,53.0,48.0,46.0,46.0,44.0,40.0,44.0,46.0,49.0,56.0,56.0,71.0,78.0,88.0,95.0,,97.0,,,,,,,,,,,,,,,,,,,,,,,,,,,,,,,,,,,,,,,,,,,,,,,,,,,,,,,,63 days 00:00:00.000000000
153,Sisqo,Got To Get It,3:52,Rock,1999-11-20,2000-01-22,92,76.0,73.0,58.0,48.0,48.0,48.0,48.0,49.0,40.0,43.0,51.0,50.0,57.0,63.0,64.0,68.0,82.0,88.0,95.0,,,,,,,,,,,,,,,,,,,,,,,,,,,,,,,,,,,,,,,,,,,,,,,,,,,,,,,,,63 days 00:00:00.000000000
154,Baha Men,Who Let The Dogs Out,3:17,R&B,2000-07-22,2000-10-21,99,92.0,85.0,76.0,65.0,54.0,61.0,58.0,54.0,54.0,53.0,53.0,43.0,40.0,44.0,41.0,51.0,65.0,78.0,84.0,,,,,,,,,,,,,,,,,,,,,,,,,,,,,,,,,,,,,,,,,,,,,,,,,,,,,,,,,91 days 00:00:00.000000000
155,"Walker, Clay",The Chain Of Love,5:03,Country,2000-04-15,2000-06-10,73,65.0,57.0,57.0,51.0,48.0,44.0,43.0,40.0,45.0,44.0,53.0,57.0,68.0,71.0,81.0,90.0,94.0,94.0,95.0,,,,,,,,,,,,,,,,,,,,,,,,,,,,,,,,,,,,,,,,,,,,,,,,,,,,,,,,,56 days 00:00:00.000000000
156,"McBride, Martina",Love's The Only House,5:13,Country,2000-02-05,2000-04-15,79,69.0,65.0,58.0,53.0,52.0,52.0,48.0,45.0,43.0,42.0,42.0,50.0,60.0,64.0,75.0,91.0,93.0,92.0,90.0,,,,,,,,,,,,,,,,,,,,,,,,,,,,,,,,,,,,,,,,,,,,,,,,,,,,,,,,,70 days 00:00:00.000000000
157,Amber,Sexual (Li Da Di),4:38,Rock,1999-07-17,2000-02-12,99,99.0,96.0,96.0,100.0,93.0,93.0,96.0,,,99.0,,96.0,96.0,99.0,98.0,98.0,,95.0,88.0,88.0,79.0,76.0,69.0,69.0,59.0,58.0,58.0,49.0,44.0,42.0,46.0,50.0,,,,,,,,,,,,,,,,,,,,,,,,,,,,,,,,,,,,,,,,,,,,210 days 00:00:00.000000000
158,"Tippin, Aaron",Kiss This,2:53,Country,2000-08-26,2000-10-21,74,72.0,66.0,53.0,52.0,47.0,47.0,45.0,42.0,46.0,51.0,60.0,68.0,69.0,78.0,94.0,87.0,92.0,97.0,99.0,,,,,,,,,,,,,,,,,,,,,,,,,,,,,,,,,,,,,,,,,,,,,,,,,,,,,,,,,56 days 00:00:00.000000000
159,SheDaisy,I Will.. But,3:40,Country,2000-07-15,2000-09-16,78,74.0,70.0,61.0,59.0,52.0,48.0,47.0,45.0,43.0,44.0,43.0,52.0,56.0,70.0,80.0,86.0,81.0,85.0,87.0,,,,,,,,,,,,,,,,,,,,,,,,,,,,,,,,,,,,,,,,,,,,,,,,,,,,,,,,,63 days 00:00:00.000000000
160,"Raye, Collin",Couldn't Last A Moment,3:40,Country,2000-03-18,2000-06-24,91,85.0,75.0,73.0,67.0,63.0,63.0,63.0,56.0,49.0,48.0,46.0,44.0,44.0,43.0,45.0,53.0,66.0,73.0,89.0,,,,,,,,,,,,,,,,,,,,,,,,,,,,,,,,,,,,,,,,,,,,,,,,,,,,,,,,,98 days 00:00:00.000000000
161,Black Rob,Whoa!,4:04,Rap,2000-03-04,2000-04-15,78,59.0,53.0,52.0,47.0,46.0,43.0,47.0,47.0,58.0,54.0,57.0,70.0,85.0,84.0,93.0,97.0,,,,,,,,,,,,,,,,,,,,,,,,,,,,,,,,,,,,,,,,,,,,,,,,,,,,,,,,,,,,42 days 00:00:00.000000000
162,"Jackson, Alan",Pop A Top,3:04,Country,1999-11-13,2000-01-22,79,73.0,70.0,64.0,63.0,57.0,55.0,55.0,63.0,52.0,43.0,47.0,55.0,78.0,95.0,100.0,,100.0,,,,,,,,,,,,,,,,,,,,,,,,,,,,,,,,,,,,,,,,,,,,,,,,,,,,,,,,,,,70 days 00:00:00.000000000
163,"Black, Clint",Been There,5:28,Country,2000-02-19,2000-04-15,87,73.0,62.0,58.0,58.0,57.0,51.0,47.0,44.0,44.0,44.0,55.0,53.0,53.0,63.0,84.0,85.0,87.0,95.0,100.0,,,,,,,,,,,,,,,,,,,,,,,,,,,,,,,,,,,,,,,,,,,,,,,,,,,,,,,,,56 days 00:00:00.000000000
164,Common,The Light,3:55,Rap,2000-08-05,2000-09-09,75,55.0,53.0,49.0,46.0,44.0,49.0,51.0,51.0,56.0,52.0,56.0,70.0,82.0,86.0,89.0,93.0,93.0,99.0,,,,,,,,,,,,,,,,,,,,,,,,,,,,,,,,,,,,,,,,,,,,,,,,,,,,,,,,,,35 days 00:00:00.000000000
165,"Vassar, Phil",Carlene,4:07,Country,2000-03-04,2000-04-22,75,67.0,64.0,64.0,57.0,53.0,47.0,45.0,45.0,50.0,52.0,56.0,59.0,78.0,83.0,84.0,91.0,96.0,93.0,,,,,,,,,,,,,,,,,,,,,,,,,,,,,,,,,,,,,,,,,,,,,,,,,,,,,,,,,,49 days 00:00:00.000000000
166,"Jackson, Alan",www.memory,2:36,Country,2000-11-04,2000-12-23,75,59.0,59.0,54.0,50.0,49.0,47.0,45.0,49.0,69.0,63.0,67.0,77.0,89.0,99.0,,,,,,,,,,,,,,,,,,,,,,,,,,,,,,,,,,,,,,,,,,,,,,,,,,,,,,,,,,,,,,49 days 00:00:00.000000000
167,Vitamin C,The Itch,3:30,Rock,2000-12-02,2000-12-16,86,48.0,45.0,52.0,57.0,58.0,76.0,95.0,100.0,,,,,,,,,,,,,,,,,,,,,,,,,,,,,,,,,,,,,,,,,,,,,,,,,,,,,,,,,,,,,,,,,,,,14 days 00:00:00.000000000
168,"Eastsidaz, The",G'D Up,4:27,Rap,2000-01-08,2000-02-12,77,77.0,89.0,64.0,57.0,47.0,47.0,55.0,65.0,69.0,83.0,82.0,90.0,94.0,,,,,,,,,,,,,,,,,,,,,,,,,,,,,,,,,,,,,,,,,,,,,,,,,,,,,,,,,,,,,,,35 days 00:00:00.000000000
169,Ideal,Whatever,3:48,R&B,2000-06-10,2000-08-19,75,75.0,67.0,73.0,64.0,56.0,54.0,54.0,54.0,48.0,47.0,50.0,60.0,68.0,73.0,81.0,92.0,90.0,,,,,,,,,,,,,,,,,,,,,,,,,,,,,,,,,,,,,,,,,,,,,,,,,,,,,,,,,,,70 days 00:00:00.000000000
170,"Thomas, Carl",Emotional,4:31,Rock,2000-11-25,2000-12-30,77,63.0,61.0,58.0,54.0,47.0,53.0,52.0,49.0,52.0,60.0,62.0,69.0,69.0,63.0,76.0,87.0,82.0,91.0,99.0,,,,,,,,,,,,,,,,,,,,,,,,,,,,,,,,,,,,,,,,,,,,,,,,,,,,,,,,,35 days 00:00:00.000000000
171,Ginuwine,None Of Ur Friends Business,4:12,Rock,1999-12-11,2000-01-22,94,84.0,71.0,71.0,60.0,63.0,48.0,48.0,48.0,55.0,64.0,71.0,85.0,85.0,92.0,,,,,,,,,,,,,,,,,,,,,,,,,,,,,,,,,,,,,,,,,,,,,,,,,,,,,,,,,,,,,,42 days 00:00:00.000000000
172,"Davidson, Clay",Unconditional,3:56,Country,2000-03-25,2000-06-17,97,97.0,97.0,90.0,83.0,78.0,74.0,69.0,60.0,56.0,54.0,50.0,49.0,55.0,52.0,51.0,51.0,62.0,63.0,83.0,,,,,,,,,,,,,,,,,,,,,,,,,,,,,,,,,,,,,,,,,,,,,,,,,,,,,,,,,84 days 00:00:00.000000000
173,DMX,What You Want,4:05,Rap,2000-07-01,2000-09-23,98,95.0,95.0,87.0,86.0,79.0,62.0,60.0,58.0,57.0,52.0,55.0,49.0,57.0,62.0,65.0,87.0,89.0,99.0,100.0,,,,,,,,,,,,,,,,,,,,,,,,,,,,,,,,,,,,,,,,,,,,,,,,,,,,,,,,,84 days 00:00:00.000000000
174,"John, Elton",Someday Out Of The Blue,4:41,Rock,2000-04-22,2000-05-06,56,56.0,49.0,59.0,67.0,60.0,64.0,73.0,81.0,90.0,93.0,89.0,98.0,94.0,99.0,,,,,,,,,,,,,,,,,,,,,,,,,,,,,,,,,,,,,,,,,,,,,,,,,,,,,,,,,,,,,,14 days 00:00:00.000000000
175,Pearl Jam,Nothing As It Seems,5:20,Rock,2000-05-13,2000-05-13,49,70.0,84.0,89.0,93.0,91.0,,,,,,,,,,,,,,,,,,,,,,,,,,,,,,,,,,,,,,,,,,,,,,,,,,,,,,,,,,,,,,,,,,,,,,,0 days 00:00:00.000000000
176,Mya,The Best Of Me,4:12,Rock,2000-04-15,2000-05-20,85,70.0,65.0,62.0,55.0,50.0,50.0,56.0,61.0,61.0,72.0,84.0,81.0,86.0,86.0,94.0,97.0,,,,,,,,,,,,,,,,,,,,,,,,,,,,,,,,,,,,,,,,,,,,,,,,,,,,,,,,,,,,35 days 00:00:00.000000000
177,"Heatherly, Eric",Flowers On The Wall,3:16,Country,2000-04-29,2000-08-12,95,88.0,88.0,82.0,82.0,77.0,72.0,67.0,65.0,65.0,65.0,60.0,60.0,53.0,51.0,50.0,57.0,77.0,83.0,89.0,,,,,,,,,,,,,,,,,,,,,,,,,,,,,,,,,,,,,,,,,,,,,,,,,,,,,,,,,105 days 00:00:00.000000000
178,Eminem,Stan,5:26,Rap,2000-11-04,2000-12-02,78,67.0,57.0,57.0,51.0,51.0,51.0,57.0,55.0,70.0,69.0,77.0,88.0,93.0,100.0,,,,,,,,,,,,,,,,,,,,,,,,,,,,,,,,,,,,,,,,,,,,,,,,,,,,,,,,,,,,,,28 days 00:00:00.000000000
179,"McEntire, Reba",I'll Be,4:23,Country,2000-05-13,2000-07-29,89,79.0,79.0,72.0,69.0,64.0,61.0,57.0,55.0,55.0,52.0,51.0,53.0,60.0,81.0,84.0,93.0,91.0,94.0,100.0,,,,,,,,,,,,,,,,,,,,,,,,,,,,,,,,,,,,,,,,,,,,,,,,,,,,,,,,,77 days 00:00:00.000000000
180,"Lopez, Jennifer",Feelin' Good,4:28,Latin,2000-02-19,2000-04-08,79,79.0,66.0,54.0,54.0,54.0,54.0,51.0,61.0,79.0,96.0,,,64.0,74.0,73.0,79.0,82.0,96.0,,,,,,,,,,,,,,,,,,,,,,,,,,,,,,,,,,,,,,,,,,,,,,,,,,,,,,,,,,49 days 00:00:00.000000000
181,"Urban, Keith",Your Everything,4:10,Country,2000-07-15,2000-09-16,81,80.0,73.0,73.0,67.0,64.0,60.0,59.0,53.0,51.0,55.0,66.0,84.0,90.0,96.0,100.0,,,,,,,,,,,,,,,,,,,,,,,,,,,,,,,,,,,,,,,,,,,,,,,,,,,,,,,,,,,,,63 days 00:00:00.000000000
182,TLC,Dear Lie,4:36,Rock,2000-02-12,2000-03-04,63,55.0,52.0,51.0,56.0,74.0,92.0,,,,,,,,,,,,,,,,,,,,,,,,,,,,,,,,,,,,,,,,,,,,,,,,,,,,,,,,,,,,,,,,,,,,,,21 days 00:00:00.000000000
183,"Gill, Vince",Feels Like Love,4:13,Country,2000-09-02,2000-11-18,82,76.0,74.0,73.0,73.0,65.0,59.0,58.0,54.0,54.0,53.0,52.0,55.0,52.0,57.0,76.0,91.0,99.0,,91.0,89.0,,,,,,,,,,,,,,,,,,,,,,,,,,,,,,,,,,,,,,,,,,,,,,,,,,,,,,,,77 days 00:00:00.000000000
184,"Houston, Whitney",Could I Have This Kiss Forever,3:54,Rock,2000-06-17,2000-08-05,74,68.0,68.0,67.0,59.0,59.0,60.0,52.0,54.0,56.0,59.0,70.0,69.0,81.0,87.0,95.0,98.0,100.0,,97.0,,,,,,,,,,,,,,,,,,,,,,,,,,,,,,,,,,,,,,,,,,,,,,,,,,,,,,,,,49 days 00:00:00.000000000
185,Bloodhound Gang,The Bad Touch,4:20,R&B,2000-03-18,2000-04-15,70,62.0,55.0,55.0,52.0,57.0,72.0,80.0,82.0,92.0,96.0,98.0,,,,,,,,,,,,,,,,,,,,,,,,,,,,,,,,,,,,,,,,,,,,,,,,,,,,,,,,,,,,,,,,,28 days 00:00:00.000000000
186,"Williams, Robbie",Angels,3:56,Rock,1999-11-20,2000-01-22,85,77.0,69.0,69.0,62.0,56.0,56.0,64.0,54.0,53.0,72.0,83.0,81.0,88.0,96.0,93.0,91.0,89.0,95.0,,,,,,,,,,,,,,,,,,,,,,,,,,,,,,,,,,,,,,,,,,,,,,,,,,,,,,,,,,63 days 00:00:00.000000000
187,"Messina, Jo Dee",Because You Love Me,3:50,Country,2000-01-29,2000-03-11,83,78.0,71.0,71.0,66.0,55.0,53.0,57.0,61.0,61.0,61.0,72.0,93.0,,,,,,,,,,,,,,,,,,,,,,,,,,,,,,,,,,,,,,,,,,,,,,,,,,,,,,,,,,,,,,,,42 days 00:00:00.000000000
188,"Keith, Toby",Country Comes To Town,3:39,Country,2000-08-05,2000-10-14,82,78.0,75.0,69.0,66.0,62.0,59.0,58.0,55.0,55.0,54.0,62.0,81.0,95.0,93.0,,,,,,,,,,,,,,,,,,,,,,,,,,,,,,,,,,,,,,,,,,,,,,,,,,,,,,,,,,,,,,70 days 00:00:00.000000000
189,Beenie Man,Girls Dem Sugar,4:17,Reggae,2000-10-21,2000-12-02,72,72.0,63.0,56.0,62.0,63.0,54.0,60.0,69.0,75.0,84.0,92.0,85.0,84.0,95.0,,,,,,,,,,,,,,,,,,,,,,,,,,,,,,,,,,,,,,,,,,,,,,,,,,,,,,,,,,,,,,42 days 00:00:00.000000000
190,"Hill, Faith",Let's Make Love,4:11,Rap,2000-08-12,2000-10-21,83,83.0,73.0,73.0,67.0,60.0,60.0,60.0,57.0,55.0,54.0,69.0,88.0,91.0,,,,,,,,,,,,,,,,,,,,,,,,,,,,,,,,,,,,,,,,,,,,,,,,,,,,,,,,,,,,,,,70 days 00:00:00.000000000
191,Kelis,Caught Out There,4:09,R&B,1999-12-04,2000-01-08,84,68.0,67.0,63.0,63.0,54.0,56.0,59.0,68.0,67.0,75.0,90.0,,,,,,,,,,,,,,,,,,,,,,,,,,,,,,,,,,,,,,,,,,,,,,,,,,,,,,,,,,,,,,,,,35 days 00:00:00.000000000
192,Jay-Z,Anything,3:41,Rap,2000-02-26,2000-03-11,72,58.0,55.0,55.0,63.0,74.0,86.0,92.0,,,,,,,,,,,,,,,,,,,,,,,,,,,,,,,,,,,,,,,,,,,,,,,,,,,,,,,,,,,,,,,,,,,,,14 days 00:00:00.000000000
193,3 Doors Down,Loser,4:24,Rock,2000-10-21,2000-12-02,76,76.0,72.0,69.0,67.0,65.0,55.0,59.0,62.0,61.0,61.0,59.0,61.0,66.0,72.0,76.0,75.0,67.0,73.0,70.0,,,,,,,,,,,,,,,,,,,,,,,,,,,,,,,,,,,,,,,,,,,,,,,,,,,,,,,,,42 days 00:00:00.000000000
194,Brooks & Dunn,You'll Always Be Loved By Me,2:58,Country,2000-06-10,2000-09-09,95,85.0,85.0,85.0,83.0,83.0,82.0,74.0,74.0,68.0,62.0,56.0,56.0,55.0,62.0,71.0,86.0,100.0,98.0,,,,,,,,,,,,,,,,,,,,,,,,,,,,,,,,,,,,,,,,,,,,,,,,,,,,,,,,,,91 days 00:00:00.000000000
195,"Chesney, Kenny",What I Need To Do,4:05,Country,2000-04-01,2000-06-10,79,74.0,68.0,72.0,69.0,69.0,62.0,58.0,57.0,57.0,56.0,56.0,56.0,72.0,80.0,93.0,95.0,,,,,,,,,,,,,,,,,,,,,,,,,,,,,,,,,,,,,,,,,,,,,,,,,,,,,,,,,,,,70 days 00:00:00.000000000
196,"Stone, Angie",No More Rain (In This Cloud),4:42,R&B,1999-12-25,2000-01-22,86,86.0,74.0,66.0,56.0,60.0,56.0,60.0,67.0,69.0,63.0,73.0,71.0,81.0,89.0,98.0,100.0,,,,,,,,,,,,,,,,,,,,,,,,,,,,,,,,,,,,,,,,,,,,,,,,,,,,,,,,,,,,28 days 00:00:00.000000000
197,Da Brat,That's What I'm Looking For,3:44,Rap,2000-02-26,2000-04-15,93,73.0,60.0,60.0,60.0,60.0,63.0,56.0,58.0,70.0,71.0,72.0,90.0,94.0,94.0,94.0,94.0,100.0,,,,,,,,,,,,,,,,,,,,,,,,,,,,,,,,,,,,,,,,,,,,,,,,,,,,,,,,,,,49 days 00:00:00.000000000
198,SheDaisy,This Woman Needs,3:20,Country,2000-02-05,2000-03-04,82,70.0,70.0,67.0,57.0,57.0,61.0,68.0,82.0,,,,,,,,,,,,,,,,,,,,,,,,,,,,,,,,,,,,,,,,,,,,,,,,,,,,,,,,,,,,,,,,,,,,28 days 00:00:00.000000000
199,Papa Roach,Last Resort,3:19,Rock,2000-07-29,2000-12-02,75,71.0,69.0,69.0,66.0,64.0,61.0,61.0,66.0,64.0,63.0,60.0,65.0,66.0,62.0,66.0,64.0,64.0,57.0,72.0,,,,,,,,,,,,,,,,,,,,,,,,,,,,,,,,,,,,,,,,,,,,,,,,,,,,,,,,,126 days 00:00:00.000000000
200,"Adams, Yolanda",Open My Heart,5:30,Gospel,2000-08-26,2000-10-21,76,76.0,74.0,69.0,68.0,67.0,61.0,58.0,57.0,59.0,66.0,68.0,61.0,67.0,59.0,63.0,67.0,71.0,79.0,89.0,,,,,,,,,,,,,,,,,,,,,,,,,,,,,,,,,,,,,,,,,,,,,,,,,,,,,,,,,56 days 00:00:00.000000000
201,Shyne,Bad Boyz,4:22,Rap,2000-09-09,2000-10-28,94,87.0,90.0,90.0,82.0,67.0,61.0,57.0,71.0,78.0,74.0,81.0,88.0,96.0,100.0,,,,,,,,,,,,,,,,,,,,,,,,,,,,,,,,,,,,,,,,,,,,,,,,,,,,,,,,,,,,,,49 days 00:00:00.000000000
202,R.E.M.,The Great Beyond,4:10,Rock,1999-12-25,2000-01-29,79,79.0,70.0,62.0,60.0,57.0,61.0,66.0,60.0,59.0,60.0,63.0,79.0,91.0,,,,,,,,,,,,,,,,,,,,,,,,,,,,,,,,,,,,,,,,,,,,,,,,,,,,,,,,,,,,,,,35 days 00:00:00.000000000
203,"Diffie, Joe",It's Always Somethin',2:55,Country,2000-08-12,2000-09-16,81,78.0,67.0,63.0,60.0,57.0,63.0,69.0,78.0,85.0,92.0,92.0,,99.0,100.0,,,,,,,,,,,,,,,,,,,,,,,,,,,,,,,,,,,,,,,,,,,,,,,,,,,,,,,,,,,,,,35 days 00:00:00.000000000
204,"McGraw, Tim",Some Things Never Change,3:56,Country,2000-05-13,2000-07-01,76,66.0,66.0,65.0,63.0,60.0,60.0,58.0,58.0,58.0,58.0,59.0,70.0,93.0,,,,,,,,,,,,,,,,,,,,,,,,,,,,,,,,,,,,,,,,,,,,,,,,,,,,,,,,,,,,,,,49 days 00:00:00.000000000
205,"Henley, Don",Taking You Home,4:08,Rock,2000-06-24,2000-08-05,79,77.0,74.0,73.0,66.0,62.0,58.0,58.0,61.0,68.0,71.0,71.0,79.0,83.0,85.0,87.0,83.0,90.0,87.0,87.0,,,,,,,,,,,,,,,,,,,,,,,,,,,,,,,,,,,,,,,,,,,,,,,,,,,,,,,,,42 days 00:00:00.000000000
206,Eminem,The Way I Am,4:40,Rap,2000-08-26,2000-09-30,87,74.0,59.0,65.0,59.0,58.0,59.0,62.0,89.0,86.0,,,,,,,,,,,,,,,,,,,,,,,,,,,,,,,,,,,,,,,,,,,,,,,,,,,,,,,,,,,,,,,,,,,35 days 00:00:00.000000000
207,Nas,You Owe Me,3:51,R&B,2000-03-25,2000-04-15,74,72.0,68.0,59.0,59.0,59.0,67.0,67.0,63.0,69.0,75.0,82.0,79.0,88.0,95.0,96.0,,,,,,,,,,,,,,,,,,,,,,,,,,,,,,,,,,,,,,,,,,,,,,,,,,,,,,,,,,,,,21 days 00:00:00.000000000
208,Sister Hazel,Change Your Mind,4:02,Rock,2000-07-15,2000-08-05,75,67.0,66.0,59.0,63.0,71.0,78.0,81.0,78.0,78.0,84.0,87.0,94.0,91.0,93.0,95.0,100.0,98.0,96.0,98.0,,,,,,,,,,,,,,,,,,,,,,,,,,,,,,,,,,,,,,,,,,,,,,,,,,,,,,,,,21 days 00:00:00.000000000
209,Puff Daddy,Best Friend,5:33,Rap,2000-02-12,2000-02-19,65,59.0,62.0,79.0,99.0,,,,,,,,,,,,,,,,,,,,,,,,,,,,,,,,,,,,,,,,,,,,,,,,,,,,,,,,,,,,,,,,,,,,,,,,7 days 00:00:00.000000000
210,"McBride, Martina",There You Are,3:26,Country,2000-09-09,2000-10-21,79,75.0,75.0,75.0,73.0,64.0,60.0,60.0,60.0,63.0,63.0,82.0,92.0,,,,,,,,,,,,,,,,,,,,,,,,,,,,,,,,,,,,,,,,,,,,,,,,,,,,,,,,,,,,,,,,42 days 00:00:00.000000000
211,Usher,Pop Ya Collar,3:36,Rock,2000-11-04,2000-11-18,68,64.0,60.0,60.0,62.0,79.0,93.0,,,,,,,,,,,,,,,,,,,,,,,,,,,,,,,,,,,,,,,,,,,,,,,,,,,,,,,,,,,,,,,,,,,,,,14 days 00:00:00.000000000
212,Lil' Kim,No Matter What They Say,4:12,Rap,2000-07-15,2000-08-05,80,72.0,67.0,60.0,65.0,73.0,81.0,86.0,90.0,97.0,,,,,,,,,,,,,,,,,,,,,,,,,,,,,,,,,,,,,,,,,,,,,,,,,,,,,,,,,,,,,,,,,,,21 days 00:00:00.000000000
213,LFO,I Don't Wanna Kiss You Goodnight,5:00,Rock,2000-04-15,2000-04-22,63,61.0,68.0,73.0,91.0,,,,,,,,,,,,,,,,,,,,,,,,,,,,,,,,,,,,,,,,,,,,,,,,,,,,,,,,,,,,,,,,,,,,,,,,7 days 00:00:00.000000000
214,SheDaisy,Deck The Halls,3:46,Country,1999-12-25,2000-01-01,97,61.0,,,,,,,,,,,,,,,,,,,,,,,,,,,,,,,,,,,,,,,,,,,,,,,,,,,,,,,,,,,,,,,,,,,,,,,,,,,7 days 00:00:00.000000000
215,Splender,I Think God Can Explain,3:55,R&B,2000-06-10,2000-06-24,71,66.0,62.0,62.0,62.0,64.0,65.0,71.0,81.0,89.0,95.0,100.0,,,,,,,,,,,,,,,,,,,,,,,,,,,,,,,,,,,,,,,,,,,,,,,,,,,,,,,,,,,,,,,,,14 days 00:00:00.000000000
216,"Simpson, Jessica",Where You Are,3:51,Rock,2000-04-01,2000-04-15,73,66.0,62.0,62.0,76.0,93.0,,,,,,,,,,,,,,,,,,,,,,,,,,,,,,,,,,,,,,,,,,,,,,,,,,,,,,,,,,,,,,,,,,,,,,,14 days 00:00:00.000000000
217,M2M,Mirror Mirror,3:19,Pop,2000-04-01,2000-05-27,87,87.0,94.0,91.0,75.0,68.0,65.0,86.0,62.0,70.0,74.0,70.0,70.0,80.0,82.0,87.0,90.0,96.0,,,,,,,,,,,,,,,,,,,,,,,,,,,,,,,,,,,,,,,,,,,,,,,,,,,,,,,,,,,56 days 00:00:00.000000000
218,Kumbia Kings,U Don't Love Me,3:50,R&B,2000-03-04,2000-03-18,81,64.0,62.0,67.0,70.0,70.0,75.0,87.0,89.0,100.0,,,,,,,,,,,,,,,,,,,,,,,,,,,,,,,,,,,,,,,,,,,,,,,,,,,,,,,,,,,,,,,,,,,14 days 00:00:00.000000000
219,Joe,Treat Her Like A Lady,4:12,Rock,2000-08-05,2000-08-19,77,75.0,63.0,63.0,69.0,64.0,68.0,67.0,72.0,79.0,78.0,84.0,85.0,90.0,89.0,99.0,100.0,,,,,,,,,,,,,,,,,,,,,,,,,,,,,,,,,,,,,,,,,,,,,,,,,,,,,,,,,,,,14 days 00:00:00.000000000
220,"Blige, Mary J.",Deep Inside,5:26,Rock,1999-11-13,2000-01-22,83,80.0,80.0,75.0,75.0,73.0,64.0,64.0,65.0,67.0,63.0,67.0,75.0,85.0,94.0,,,,,,,,,,,,,,,,,,,,,,,,,,,,,,,,,,,,,,,,,,,,,,,,,,,,,,,,,,,,,,70 days 00:00:00.000000000
221,"Price, Kelly",You Should've Told Me,3:12,Rock,2000-09-23,2000-12-02,91,91.0,91.0,87.0,86.0,79.0,79.0,75.0,70.0,68.0,64.0,64.0,68.0,70.0,74.0,90.0,86.0,85.0,93.0,92.0,,,,,,,,,,,,,,,,,,,,,,,,,,,,,,,,,,,,,,,,,,,,,,,,,,,,,,,,,70 days 00:00:00.000000000
222,Changing Faces,That Other Woman,4:00,Rock,2000-09-30,2000-10-28,80,72.0,66.0,66.0,64.0,76.0,65.0,66.0,75.0,85.0,97.0,,,,,,,,,,,,,,,,,,,,,,,,,,,,,,,,,,,,,,,,,,,,,,,,,,,,,,,,,,,,,,,,,,28 days 00:00:00.000000000
223,"Wright, Chely",It Was,3:51,R&B,2000-03-04,2000-04-15,86,78.0,75.0,72.0,71.0,69.0,64.0,75.0,85.0,98.0,,,,,,,,,,,,,,,,,,,,,,,,,,,,,,,,,,,,,,,,,,,,,,,,,,,,,,,,,,,,,,,,,,,42 days 00:00:00.000000000
224,Limp Bizkit,Rollin',4:04,Rock,2000-11-11,2000-12-09,77,73.0,72.0,66.0,65.0,65.0,67.0,73.0,74.0,78.0,80.0,86.0,86.0,91.0,93.0,96.0,100.0,,,,,,,,,,,,,,,,,,,,,,,,,,,,,,,,,,,,,,,,,,,,,,,,,,,,,,,,,,,,28 days 00:00:00.000000000
225,Hot Boys,I Need A Hot Girl,4:16,Rap,2000-02-19,2000-03-11,77,75.0,71.0,65.0,65.0,70.0,69.0,77.0,79.0,90.0,92.0,95.0,100.0,,,,,,,,,,,,,,,,,,,,,,,,,,,,,,,,,,,,,,,,,,,,,,,,,,,,,,,,,,,,,,,,21 days 00:00:00.000000000
226,Jay-Z,Do It Again (Put Ya Hands Up),3:47,Rap,2000-01-15,2000-01-29,95,68.0,65.0,65.0,74.0,84.0,92.0,96.0,95.0,,,,,,,,,,,,,,,,,,,,,,,,,,,,,,,,,,,,,,,,,,,,,,,,,,,,,,,,,,,,,,,,,,,,14 days 00:00:00.000000000
227,"Adkins, Trace",More,3:05,Country,2000-04-29,2000-06-17,84,84.0,75.0,73.0,73.0,69.0,68.0,65.0,73.0,83.0,92.0,,,,,,,,,,,,,,,,,,,,,,,,,,,,,,,,,,,,,,,,,,,,,,,,,,,,,,,,,,,,,,,,,,49 days 00:00:00.000000000
228,"Dixie Chicks, The",Cold Day In July,5:12,Country,2000-06-24,2000-08-05,80,79.0,76.0,72.0,68.0,68.0,65.0,70.0,84.0,91.0,,,,,,,,,,,,,,,,,,,,,,,,,,,,,,,,,,,,,,,,,,,,,,,,,,,,,,,,,,,,,,,,,,,42 days 00:00:00.000000000
229,"Price, Kelly",As We Lay,6:20,Rock,2000-07-15,2000-08-05,82,69.0,69.0,64.0,71.0,79.0,82.0,89.0,,,,,,,,,,,,,,,,,,,,,,,,,,,,,,,,,,,,,,,,,,,,,,,,,,,,,,,,,,,,,,,,,,,,,21 days 00:00:00.000000000
230,DMX,What's My Name,3:50,Rap,2000-01-15,2000-02-12,98,76.0,69.0,69.0,67.0,73.0,76.0,90.0,90.0,94.0,100.0,,,,,,,,,,,,,,,,,,,,,,,,,,,,,,,,,,,,,,,,,,,,,,,,,,,,,,,,,,,,,,,,,,28 days 00:00:00.000000000
231,"Martin, Ricky",Private Emotion,4:02,Latin,2000-03-11,2000-03-18,76,67.0,71.0,78.0,89.0,,,,,,,,,,,,,,,,,,,,,,,,,,,,,,,,,,,,,,,,,,,,,,,,,,,,,,,,,,,,,,,,,,,,,,,,7 days 00:00:00.000000000
232,Nine Days,If I Am,4:18,Rock,2000-12-02,2000-12-02,68,68.0,81.0,94.0,100.0,,,,,,,,,,,,,,,,,,,,,,,,,,,,,,,,,,,,,,,,,,,,,,,,,,,,,,,,,,,,,,,,,,,,,,,,0 days 00:00:00.000000000
233,"Blige, Mary J.",Give Me You,5:00,Rock,2000-04-15,2000-05-13,97,94.0,77.0,76.0,68.0,77.0,89.0,90.0,,100.0,,,,,,,,,,,,,,,,,,,,,,,,,,,,,,,,,,,,,,,,,,,,,,,,,,,,,,,,,,,,,,,,,,,28 days 00:00:00.000000000
234,Red Hot Chili Peppers,Californication,5:21,Rock,2000-07-29,2000-10-14,72,72.0,72.0,77.0,79.0,77.0,75.0,84.0,85.0,79.0,74.0,69.0,74.0,75.0,77.0,71.0,78.0,89.0,97.0,,,,,,,,,,,,,,,,,,,,,,,,,,,,,,,,,,,,,,,,,,,,,,,,,,,,,,,,,,77 days 00:00:00.000000000
235,Third Eye Blind,Deep Inside Of You,4:10,Rock,2000-09-02,2000-10-07,80,73.0,70.0,70.0,70.0,69.0,72.0,79.0,90.0,97.0,95.0,93.0,,,,,,,,,,,,,,,,,,,,,,,,,,,,,,,,,,,,,,,,,,,,,,,,,,,,,,,,,,,,,,,,,35 days 00:00:00.000000000
236,"Brooks, Garth",Do What You Gotta Do,2:56,Country,2000-02-19,2000-03-18,86,81.0,72.0,70.0,69.0,77.0,,,,,,,,,,,,,,,,,,,,,,,,,,,,,,,,,,,,,,,,,,,,,,,,,,,,,,,,,,,,,,,,,,,,,,,28 days 00:00:00.000000000
237,"Offspring, The",Original Prankster,3:42,Rock,2000-11-25,2000-12-09,74,71.0,70.0,70.0,77.0,78.0,91.0,89.0,92.0,,,,,,,,,,,,,,,,,,,,,,,,,,,,,,,,,,,,,,,,,,,,,,,,,,,,,,,,,,,,,,,,,,,,14 days 00:00:00.000000000
238,"Anthony, Marc",My Baby You,3:59,Latin,2000-09-16,2000-10-07,82,76.0,76.0,70.0,82.0,81.0,74.0,80.0,76.0,76.0,73.0,74.0,87.0,83.0,89.0,93.0,94.0,94.0,91.0,90.0,,,,,,,,,,,,,,,,,,,,,,,,,,,,,,,,,,,,,,,,,,,,,,,,,,,,,,,,,21 days 00:00:00.000000000
239,"Houston, Whitney","Same Script, Different Cast",4:45,Rock,2000-06-17,2000-07-15,71,71.0,71.0,71.0,70.0,75.0,77.0,88.0,91.0,,,,,,,,,,,,,,,,,,,,,,,,,,,,,,,,,,,,,,,,,,,,,,,,,,,,,,,,,,,,,,,,,,,,28 days 00:00:00.000000000
240,D'Angelo,Left & Right,4:35,R&B,1999-12-11,2000-01-01,93,77.0,75.0,70.0,91.0,,,,,,,,,,,,,,,,,,,,,,,,,,,,,,,,,,,,,,,,,,,,,,,,,,,,,,,,,,,,,,,,,,,,,,,,21 days 00:00:00.000000000
241,"Kravitz, Lenny",I Belong To You,4:17,Rock,2000-03-25,2000-04-08,78,77.0,71.0,71.0,71.0,83.0,90.0,90.0,93.0,,,,,,,,,,,,,,,,,,,,,,,,,,,,,,,,,,,,,,,,,,,,,,,,,,,,,,,,,,,,,,,,,,,,14 days 00:00:00.000000000
242,"Loveless, Patty",That's The Kind Of Mood I'm In,3:27,Country,2000-09-16,2000-11-18,98,93.0,93.0,93.0,88.0,88.0,82.0,81.0,73.0,71.0,71.0,72.0,85.0,91.0,,,,,,,,,,,,,,,,,,,,,,,,,,,,,,,,,,,,,,,,,,,,,,,,,,,,,,,,,,,,,,,63 days 00:00:00.000000000
243,Q-Tip,Breathe And Stop,4:06,Rock,2000-01-22,2000-01-22,71,71.0,81.0,82.0,96.0,,,,,,,,,,,,,,,,,,,,,,,,,,,,,,,,,,,,,,,,,,,,,,,,,,,,,,,,,,,,,,,,,,,,,,,,0 days 00:00:00.000000000
244,"Rimes, LeAnn",Can't Fight The Moonlight,3:33,Country,2000-09-09,2000-09-16,82,71.0,79.0,83.0,96.0,99.0,78.0,78.0,83.0,79.0,77.0,76.0,79.0,81.0,88.0,85.0,86.0,79.0,87.0,93.0,,,,,,,,,,,,,,,,,,,,,,,,,,,,,,,,,,,,,,,,,,,,,,,,,,,,,,,,,7 days 00:00:00.000000000
245,Lil Wayne,Tha Block Is Hot,4:13,Rap,1999-12-04,2000-01-08,99,89.0,92.0,84.0,84.0,72.0,81.0,81.0,86.0,87.0,95.0,,,,,,,,,,,,,,,,,,,,,,,,,,,,,,,,,,,,,,,,,,,,,,,,,,,,,,,,,,,,,,,,,,35 days 00:00:00.000000000
246,2 Pac,Baby Don't Cry (Keep Ya Head Up II),4:22,Rap,2000-02-26,2000-03-11,87,82.0,72.0,77.0,87.0,94.0,99.0,,,,,,,,,,,,,,,,,,,,,,,,,,,,,,,,,,,,,,,,,,,,,,,,,,,,,,,,,,,,,,,,,,,,,,14 days 00:00:00.000000000
247,"Wallflowers, The",Sleepwalker,3:29,Rock,2000-10-28,2000-10-28,73,73.0,74.0,80.0,90.0,96.0,,,,,,,,,,,,,,,,,,,,,,,,,,,,,,,,,,,,,,,,,,,,,,,,,,,,,,,,,,,,,,,,,,,,,,,0 days 00:00:00.000000000
248,Drama,"Left, Right, Left",3:37,Rap,2000-02-12,2000-03-18,100,98.0,89.0,80.0,75.0,73.0,80.0,86.0,91.0,96.0,100.0,98.0,96.0,,,,,,,,,,,,,,,,,,,,,,,,,,,,,,,,,,,,,,,,,,,,,,,,,,,,,,,,,,,,,,,,35 days 00:00:00.000000000
249,Limp Bizkit,N 2 Gether Now,3:55,Rock,1999-12-04,2000-01-08,94,88.0,85.0,78.0,78.0,73.0,84.0,86.0,90.0,97.0,96.0,,,,,,,,,,,,,,,,,,,,,,,,,,,,,,,,,,,,,,,,,,,,,,,,,,,,,,,,,,,,,,,,,,35 days 00:00:00.000000000
250,Lox,"Ryde or Die, Chick",3:56,Rap,2000-03-18,2000-03-25,86,73.0,80.0,84.0,91.0,97.0,97.0,,,,,,,,,,,,,,,,,,,,,,,,,,,,,,,,,,,,,,,,,,,,,,,,,,,,,,,,,,,,,,,,,,,,,,7 days 00:00:00.000000000
251,Ying Yang Twins,Whistle While You Twurk,4:19,Rap,2000-03-18,2000-04-29,95,94.0,91.0,85.0,84.0,78.0,74.0,78.0,85.0,89.0,97.0,96.0,99.0,99.0,,,,,,,,,,,,,,,,,,,,,,,,,,,,,,,,,,,,,,,,,,,,,,,,,,,,,,,,,,,,,,,42 days 00:00:00.000000000
252,"Walker, Clay","Live, Laugh, Love",4:06,Country,1999-12-04,2000-01-22,95,95.0,94.0,94.0,94.0,95.0,82.0,74.0,79.0,92.0,98.0,,,,,,,,,,,,,,,,,,,,,,,,,,,,,,,,,,,,,,,,,,,,,,,,,,,,,,,,,,,,,,,,,,49 days 00:00:00.000000000
253,Metallica,No Leaf Clover (Live),5:43,Rock,2000-02-12,2000-03-11,86,81.0,78.0,76.0,74.0,80.0,86.0,93.0,95.0,95.0,,,,,,,,,,,,,,,,,,,,,,,,,,,,,,,,,,,,,,,,,,,,,,,,,,,,,,,,,,,,,,,,,,,28 days 00:00:00.000000000
254,Yankee Grey,Another Nine Minutes,3:10,Country,2000-04-29,2000-05-20,86,83.0,77.0,74.0,83.0,79.0,88.0,95.0,,,,,,,,,,,,,,,,,,,,,,,,,,,,,,,,,,,,,,,,,,,,,,,,,,,,,,,,,,,,,,,,,,,,,21 days 00:00:00.000000000
255,"Bega, Lou",Tricky Tricky ,3:23,Rock,2000-01-29,2000-02-05,75,74.0,87.0,,,,,,,,,,,,,,,,,,,,,,,,,,,,,,,,,,,,,,,,,,,,,,,,,,,,,,,,,,,,,,,,,,,,,,,,,,7 days 00:00:00.000000000
256,Big Punisher,It's So Hard,3:25,Rap,2000-04-22,2000-05-06,96,87.0,75.0,79.0,81.0,81.0,76.0,76.0,78.0,84.0,90.0,88.0,94.0,98.0,100.0,,,,,,,,,,,,,,,,,,,,,,,,,,,,,,,,,,,,,,,,,,,,,,,,,,,,,,,,,,,,,,14 days 00:00:00.000000000
257,"Worley, Darryl",When You Need My Love,3:35,Country,2000-06-17,2000-09-02,98,88.0,93.0,92.0,85.0,85.0,84.0,80.0,80.0,80.0,80.0,75.0,78.0,86.0,99.0,,,,,,,,,,,,,,,,,,,,,,,,,,,,,,,,,,,,,,,,,,,,,,,,,,,,,,,,,,,,,,77 days 00:00:00.000000000
258,Lil' Kim,How Many Licks?,3:50,Rap,2000-11-25,2000-12-02,79,75.0,77.0,86.0,86.0,89.0,,,96.0,96.0,96.0,,,,,,,,,,,,,,,,,,,,,,,,,,,,,,,,,,,,,,,,,,,,,,,,,,,,,,,,,,,,,,,,,,7 days 00:00:00.000000000
259,"Clark, Terri",A Little Gasoline,3:07,Country,2000-12-16,2000-12-16,75,82.0,88.0,96.0,99.0,99.0,,,,,,,,,,,,,,,,,,,,,,,,,,,,,,,,,,,,,,,,,,,,,,,,,,,,,,,,,,,,,,,,,,,,,,,0 days 00:00:00.000000000
260,"Brock, Chad",A Country Boy Can Survive,3:54,Country,2000-01-01,2000-01-08,93,75.0,92.0,,,,,,,,,,,,,,,,,,,,,,,,,,,,,,,,,,,,,,,,,,,,,,,,,,,,,,,,,,,,,,,,,,,,,,,,,,7 days 00:00:00.000000000
261,"Cagle, Chris",My Love Goes On And On,3:02,Country,2000-10-21,2000-12-02,99,94.0,94.0,87.0,84.0,83.0,76.0,76.0,79.0,83.0,91.0,,,,,,,,,,,,,,,,,,,,,,,,,,,,,,,,,,,,,,,,,,,,,,,,,,,,,,,,,,,,,,,,,,42 days 00:00:00.000000000
262,"Byrd, Tracy",Put Your Hand In Mine,4:30,Country,2000-01-29,2000-02-12,81,77.0,76.0,76.0,86.0,88.0,92.0,99.0,,,,,,,,,,,,,,,,,,,,,,,,,,,,,,,,,,,,,,,,,,,,,,,,,,,,,,,,,,,,,,,,,,,,,14 days 00:00:00.000000000
263,Metallica,I Disappear,4:26,Rock,2000-05-13,2000-06-17,86,84.0,88.0,81.0,81.0,76.0,81.0,81.0,78.0,84.0,83.0,82.0,87.0,88.0,91.0,94.0,98.0,95.0,89.0,95.0,,,,,,,,,,,,,,,,,,,,,,,,,,,,,,,,,,,,,,,,,,,,,,,,,,,,,,,,,35 days 00:00:00.000000000
264,Jay-Z,Hey Papi,3:40,Rap,2000-08-12,2000-10-07,98,100.0,98.0,94.0,83.0,83.0,80.0,78.0,76.0,77.0,85.0,91.0,93.0,88.0,94.0,,,,,,,,,,,,,,,,,,,,,,,,,,,,,,,,,,,,,,,,,,,,,,,,,,,,,,,,,,,,,,56 days 00:00:00.000000000
265,Fatboy Slim,The Rockafeller Skank,4:00,Electronica,1999-11-13,2000-01-22,94,94.0,94.0,87.0,77.0,77.0,83.0,82.0,82.0,92.0,76.0,95.0,,,,,,,,,,,,,,,,,,,,,,,,,,,,,,,,,,,,,,,,,,,,,,,,,,,,,,,,,,,,,,,,,70 days 00:00:00.000000000
266,"Levert, Gerald",Mr. Too Damn Good,4:06,R&B,2000-03-18,2000-04-08,84,83.0,83.0,76.0,86.0,86.0,88.0,97.0,,,,,,,,,,,,,,,,,,,,,,,,,,,,,,,,,,,,,,,,,,,,,,,,,,,,,,,,,,,,,,,,,,,,,21 days 00:00:00.000000000
267,"McKnight, Brian",Stay Or Let It Go,4:32,Rock,2000-02-26,2000-03-25,95,92.0,82.0,78.0,76.0,88.0,100.0,93.0,,,,,,,,,,,,,,,,,,,,,,,,,,,,,,,,,,,,,,,,,,,,,,,,,,,,,,,,,,,,,,,,,,,,,28 days 00:00:00.000000000
268,"Allan, Gary",Smoke Rings In The Dark,4:18,Country,2000-01-22,2000-02-05,80,78.0,76.0,77.0,92.0,,,,,,,,,,,,,,,,,,,,,,,,,,,,,,,,,,,,,,,,,,,,,,,,,,,,,,,,,,,,,,,,,,,,,,,,14 days 00:00:00.000000000
269,Ginuwine,The Best Man I Can Be,4:06,Rock,2000-01-08,2000-03-04,97,97.0,83.0,94.0,84.0,88.0,85.0,82.0,77.0,77.0,85.0,89.0,,,,,,,,,,,,,,,,,,,,,,,,,,,,,,,,,,,,,,,,,,,,,,,,,,,,,,,,,,,,,,,,,56 days 00:00:00.000000000
270,Before Dark,Monica,4:04,Rock,2000-05-20,2000-06-17,95,87.0,80.0,80.0,77.0,87.0,91.0,91.0,100.0,,,,,,,,,,,,,,,,,,,,,,,,,,,,,,,,,,,,,,,,,,,,,,,,,,,,,,,,,,,,,,,,,,,,28 days 00:00:00.000000000
271,"Estefan, Gloria",No Me Dejes De Querer,3:25,Rock,2000-06-10,2000-06-10,77,,,,,,,,,,,,,,,,,,,,,,,,,,,,,,,,,,,,,,,,,,,,,,,,,,,,,,,,,,,,,,,,,,,,,,,,,,,,0 days 00:00:00.000000000
272,Stone Temple Pilots,Sour Girl,4:16,Rock,2000-07-08,2000-07-29,79,79.0,79.0,78.0,78.0,87.0,89.0,88.0,95.0,93.0,91.0,94.0,98.0,,,,,,,,,,,,,,,,,,,,,,,,,,,,,,,,,,,,,,,,,,,,,,,,,,,,,,,,,,,,,,,,21 days 00:00:00.000000000
273,Montgomery Gentry,Daddy Won't Sell The Farm,4:18,Country,2000-03-04,2000-03-25,87,83.0,81.0,79.0,81.0,96.0,,,,,,,,,,,,,,,,,,,,,,,,,,,,,,,,,,,,,,,,,,,,,,,,,,,,,,,,,,,,,,,,,,,,,,,21 days 00:00:00.000000000
274,"Cyrus, Billy Ray",You Won't Be Lonely Now,3:45,Country,2000-09-23,2000-11-11,97,97.0,97.0,92.0,91.0,88.0,85.0,80.0,82.0,80.0,80.0,89.0,95.0,,,,,,,,,,,,,,,,,,,,,,,,,,,,,,,,,,,,,,,,,,,,,,,,,,,,,,,,,,,,,,,,49 days 00:00:00.000000000
275,Clark Family Experience,Meanwhile Back At The Ranch,2:56,Country,2000-11-18,2000-12-16,87,86.0,81.0,92.0,80.0,80.0,82.0,84.0,82.0,81.0,85.0,91.0,,,,,,,,,,,,,,,,,,,,,,,,,,,,,,,,,,,,,,,,,,,,,,,,,,,,,,,,,,,,,,,,,28 days 00:00:00.000000000
276,"Thomas, Carl",Summer Rain,4:57,Rock,2000-09-23,2000-10-14,82,82.0,86.0,80.0,82.0,83.0,84.0,82.0,88.0,94.0,95.0,,,,,,,,,,,,,,,,,,,,,,,,,,,,,,,,,,,,,,,,,,,,,,,,,,,,,,,,,,,,,,,,,,21 days 00:00:00.000000000
277,"Yearwood, Trisha",Real Live Woman,3:55,Country,2000-04-01,2000-04-29,85,83.0,83.0,82.0,81.0,91.0,,,,,,,,,,,,,,,,,,,,,,,,,,,,,,,,,,,,,,,,,,,,,,,,,,,,,,,,,,,,,,,,,,,,,,,28 days 00:00:00.000000000
278,Trick Daddy,Shut Up,4:17,Rap,2000-05-20,2000-06-17,99,95.0,87.0,87.0,83.0,83.0,89.0,87.0,92.0,92.0,97.0,,,,,,,,,,,,,,,,,,,,,,,,,,,,,,,,,,,,,,,,,,,,,,,,,,,,,,,,,,,,,,,,,,28 days 00:00:00.000000000
279,"Moore, Chante",Straight Up,3:40,Rock,2000-10-28,2000-12-02,98,98.0,97.0,90.0,85.0,83.0,83.0,97.0,98.0,,,,,,,,,,,,,,,,,,,,,,,,,,,,,,,,,,,,,,,,,,,,,,,,,,,,,,,,,,,,,,,,,,,,35 days 00:00:00.000000000
280,Cam'ron,What Means The World To You,4:38,Rap,2000-10-14,2000-11-18,94,94.0,96.0,91.0,84.0,83.0,88.0,87.0,95.0,92.0,,,,,,,,,,,,,,,,,,,,,,,,,,,,,,,,,,,,,,,,,,,,,,,,,,,,,,,,,,,,,,,,,,,35 days 00:00:00.000000000
281,Juvenile,U Understand,3:51,Rap,2000-02-05,2000-02-12,85,83.0,100.0,98.0,97.0,96.0,,,,,,,,,,,,,,,,,,,,,,,,,,,,,,,,,,,,,,,,,,,,,,,,,,,,,,,,,,,,,,,,,,,,,,,7 days 00:00:00.000000000
282,"Hollister, Dave",Can't Stay,6:17,Rock,2000-03-25,2000-03-25,84,84.0,93.0,98.0,,,,,,,,,,,,,,,,,,,,,,,,,,,,,,,,,,,,,,,,,,,,,,,,,,,,,,,,,,,,,,,,,,,,,,,,,0 days 00:00:00.000000000
283,Tamia,Can't Go For That,3:38,Rock,2000-09-16,2000-09-30,90,86.0,84.0,88.0,97.0,,,,,,,,,,,,,,,,,,,,,,,,,,,,,,,,,,,,,,,,,,,,,,,,,,,,,,,,,,,,,,,,,,,,,,,,14 days 00:00:00.000000000
284,LFO,West Side Story,3:27,Rock,2000-08-05,2000-08-12,96,84.0,88.0,96.0,,,,,,,,,,,,,,,,,,,,,,,,,,,,,,,,,,,,,,,,,,,,,,,,,,,,,,,,,,,,,,,,,,,,,,,,,7 days 00:00:00.000000000
285,"Paisley, Brad",Me Neither,3:19,Country,2000-05-13,2000-05-20,87,85.0,90.0,92.0,,,,,,,,,,,,,,,,,,,,,,,,,,,,,,,,,,,,,,,,,,,,,,,,,,,,,,,,,,,,,,,,,,,,,,,,,7 days 00:00:00.000000000
286,"Carter, Torrey",Take That,3:43,Rock,2000-06-24,2000-07-08,94,88.0,86.0,91.0,89.0,87.0,99.0,,,,,,,,,,,,,,,,,,,,,,,,,,,,,,,,,,,,,,,,,,,,,,,,,,,,,,,,,,,,,,,,,,,,,,14 days 00:00:00.000000000
287,2Ge+her,The Hardest Part Of Breaking Up (Is Getting Back Your Stuff),3:15,R&B,2000-09-02,2000-09-09,91,87.0,92.0,,,,,,,,,,,,,,,,,,,,,,,,,,,,,,,,,,,,,,,,,,,,,,,,,,,,,,,,,,,,,,,,,,,,,,,,,,7 days 00:00:00.000000000
288,Madison Avenue,Don't Call Me Baby,3:44,Electronica,2000-07-08,2000-09-16,98,96.0,93.0,93.0,93.0,92.0,92.0,92.0,90.0,92.0,88.0,88.0,88.0,95.0,93.0,98.0,93.0,92.0,90.0,97.0,,,,,,,,,,,,,,,,,,,,,,,,,,,,,,,,,,,,,,,,,,,,,,,,,,,,,,,,,70 days 00:00:00.000000000
289,Eve,Got It All,3:48,Rap,2000-07-15,2000-07-22,89,88.0,88.0,91.0,95.0,,,,,,,,,,,,,,,,,,,,,,,,,,,,,,,,,,,,,,,,,,,,,,,,,,,,,,,,,,,,,,,,,,,,,,,,7 days 00:00:00.000000000
290,Limp Bizkit,Re-Arranged,4:08,Rock,1999-12-04,2000-02-05,91,91.0,90.0,95.0,95.0,99.0,96.0,96.0,92.0,88.0,89.0,93.0,91.0,91.0,89.0,90.0,93.0,100.0,,,,,,,,,,,,,,,,,,,,,,,,,,,,,,,,,,,,,,,,,,,,,,,,,,,,,,,,,,,63 days 00:00:00.000000000
291,"Spencer, Tracie",Still In My Heart,4:11,Rock,2000-03-04,2000-03-11,95,88.0,98.0,,,,,,,,,,,,,,,,,,,,,,,,,,,,,,,,,,,,,,,,,,,,,,,,,,,,,,,,,,,,,,,,,,,,,,,,,,7 days 00:00:00.000000000
292,Nu Flavor,3 Little Words,3:54,R&B,2000-06-03,2000-06-17,97,97.0,89.0,89.0,94.0,90.0,99.0,97.0,98.0,,,,,,,,,,,,,,,,,,,,,,,,,,,,,,,,,,,,,,,,,,,,,,,,,,,,,,,,,,,,,,,,,,,,14 days 00:00:00.000000000
293,Tamar,If You Don't Wanna Love Me,4:02,Rock,2000-03-25,2000-04-15,98,98.0,92.0,89.0,92.0,93.0,,,,,,,,,,,,,,,,,,,,,,,,,,,,,,,,,,,,,,,,,,,,,,,,,,,,,,,,,,,,,,,,,,,,,,,21 days 00:00:00.000000000
294,"Levert, Gerald",Baby U Are,4:10,R&B,2000-08-19,2000-08-26,96,89.0,92.0,96.0,96.0,,,,,,,,,,,,,,,,,,,,,,,,,,,,,,,,,,,,,,,,,,,,,,,,,,,,,,,,,,,,,,,,,,,,,,,,7 days 00:00:00.000000000
295,"Hart, Beth",L.A. Song,3:47,Country,1999-11-27,2000-01-15,99,100.0,98.0,99.0,99.0,99.0,98.0,90.0,99.0,97.0,91.0,97.0,,,,,,,,,,,,,,,,,,,,,,,,,,,,,,,,,,,,,,,,,,,,,,,,,,,,,,,,,,,,,,,,,49 days 00:00:00.000000000
296,"Diffie, Joe",The Quittin' Kind,3:23,Country,2000-01-01,2000-01-22,98,100.0,100.0,90.0,93.0,94.0,,,,,,,,,,,,,,,,,,,,,,,,,,,,,,,,,,,,,,,,,,,,,,,,,,,,,,,,,,,,,,,,,,,,,,,21 days 00:00:00.000000000
297,Funkmaster Flex,Do You,4:14,Rap,2000-11-11,2000-12-02,92,92.0,95.0,91.0,91.0,94.0,100.0,,,,,,,,,,,,,,,,,,,,,,,,,,,,,,,,,,,,,,,,,,,,,,,,,,,,,,,,,,,,,,,,,,,,,,21 days 00:00:00.000000000
298,"Price, Kelly",Love Sets You Free,3:46,Rock,2000-05-13,2000-05-20,92,91.0,98.0,100.0,,,,,,,,,,,,,,,,,,,,,,,,,,,,,,,,,,,,,,,,,,,,,,,,,,,,,,,,,,,,,,,,,,,,,,,,,7 days 00:00:00.000000000
299,En Vogue,Riddle,5:10,Rock,2000-06-17,2000-06-17,92,92.0,97.0,100.0,,,,,,,,,,,,,,,,,,,,,,,,,,,,,,,,,,,,,,,,,,,,,,,,,,,,,,,,,,,,,,,,,,,,,,,,,0 days 00:00:00.000000000
300,"Herndon, Ty",No Mercy,4:43,Country,2000-03-18,2000-05-06,100,99.0,99.0,,,98.0,94.0,92.0,95.0,96.0,,,,,,,,,,,,,,,,,,,,,,,,,,,,,,,,,,,,,,,,,,,,,,,,,,,,,,,,,,,,,,,,,,,49 days 00:00:00.000000000
301,Anastacia,I'm Outta Love,4:01,Pop,2000-04-01,2000-04-01,92,,,95.0,,,,,,,,97.0,,,,,,,,,,,,,,,,,,,,,,,,,,,,,,,,,,,,,,,,,,,,,,,,,,,,,,,,,,,,,,,,,0 days 00:00:00.000000000
302,Trina,Pull Over,2:58,Rap,2000-09-09,2000-09-16,97,93.0,96.0,100.0,,,,,,,,,,,,,,,,,,,,,,,,,,,,,,,,,,,,,,,,,,,,,,,,,,,,,,,,,,,,,,,,,,,,,,,,,7 days 00:00:00.000000000
303,Lil' Mo,Ta Da,4:17,Rap,2000-08-12,2000-09-16,100,99.0,97.0,97.0,100.0,95.0,99.0,,,,,,,,,,,,,,,,,,,,,,,,,,,,,,,,,,,,,,,,,,,,,,,,,,,,,,,,,,,,,,,,,,,,,,35 days 00:00:00.000000000
304,A*Teens,Dancing Queen,3:44,Pop,2000-07-08,2000-07-29,97,97.0,96.0,95.0,100.0,,,,,,,,,,,,,,,,,,,,,,,,,,,,,,,,,,,,,,,,,,,,,,,,,,,,,,,,,,,,,,,,,,,,,,,,21 days 00:00:00.000000000
305,"Sheist, Shade",Where I Wanna Be,4:16,Rap,2000-11-11,2000-11-18,96,95.0,99.0,99.0,100.0,,,,,,,,,,,,,,,,,,,,,,,,,,,,,,,,,,,,,,,,,,,,,,,,,,,,,,,,,,,,,,,,,,,,,,,,7 days 00:00:00.000000000
306,De La Soul,All Good?,5:02,Rap,2000-12-23,2000-12-23,96,96.0,100.0,,,,,,,,,,,,,,,,,,,,,,,,,,,,,,,,,,,,,,,,,,,,,,,,,,,,,,,,,,,,,,,,,,,,,,,,,,0 days 00:00:00.000000000
307,"Larrieux, Amel",Get Up,4:02,R&B,2000-03-04,2000-03-11,100,97.0,97.0,,,,,,,,,,,,,,,,,,,,,,,,,,,,,,,,,,,,,,,,,,,,,,,,,,,,,,,,,,,,,,,,,,,,,,,,,,7 days 00:00:00.000000000
308,"Braxton, Toni",Spanish Guitar,4:24,Rock,2000-12-02,2000-12-02,98,98.0,98.0,,,,,,,,,,,,,,,,,,,,,,,,,,,,,,,,,,,,,,,,,,,,,,,,,,,,,,,,,,,,,,,,,,,,,,,,,,0 days 00:00:00.000000000
309,Tuesday,I Know,4:06,Rock,2000-12-30,2000-12-30,98,98.0,,,,,,,,,,,,,,,,,,,,,,,,,,,,,,,,,,,,,,,,,,,,,,,,,,,,,,,,,,,,,,,,,,,,,,,,,,,0 days 00:00:00.000000000
310,LL Cool J,Imagine That,4:00,Rap,2000-08-12,2000-08-19,99,98.0,,,,,,,,,,,,,,,,,,,,,,,,,,,,,,,,,,,,,,,,,,,,,,,,,,,,,,,,,,,,,,,,,,,,,,,,,,,7 days 00:00:00.000000000
311,Master P,Souljas,3:33,Rap,2000-11-18,2000-11-18,98,,,,,,,,,,,,,,,,,,,,,,,,,,,,,,,,,,,,,,,,,,,,,,,,,,,,,,,,,,,,,,,,,,,,,,,,,,,,0 days 00:00:00.000000000
312,Ghostface Killah,Cherchez LaGhost,3:04,R&B,2000-08-05,2000-08-05,98,,,,,,,,,,,,,,,,,,,,,,,,,,,,,,,,,,,,,,,,,,,,,,,,,,,,,,,,,,,,,,,,,,,,,,,,,,,,0 days 00:00:00.000000000
313,"Smith, Will",Freakin' It,3:58,Rap,2000-02-12,2000-02-12,99,99.0,99.0,99.0,,,,,,,,,,,,,,,,,,,,,,,,,,,,,,,,,,,,,,,,,,,,,,,,,,,,,,,,,,,,,,,,,,,,,,,,,0 days 00:00:00.000000000
314,Zombie Nation,Kernkraft 400,3:30,Rock,2000-09-02,2000-09-02,99,99.0,,,,,,,,,,,,,,,,,,,,,,,,,,,,,,,,,,,,,,,,,,,,,,,,,,,,,,,,,,,,,,,,,,,,,,,,,,,0 days 00:00:00.000000000
315,"Eastsidaz, The",Got Beef,3:58,Rap,2000-07-01,2000-07-01,99,99.0,,,,,,,,,,,,,,,,,,,,,,,,,,,,,,,,,,,,,,,,,,,,,,,,,,,,,,,,,,,,,,,,,,,,,,,,,,,0 days 00:00:00.000000000
316,Fragma,Toca's Miracle,3:22,R&B,2000-10-28,2000-10-28,99,,,,,,,,,,,,,,,,,,,,,,,,,,,,,,,,,,,,,,,,,,,,,,,,,,,,,,,,,,,,,,,,,,,,,,,,,,,,0 days 00:00:00.000000000
